jesu,3026.683
christ,1772.096
lord,887.777
discipl,827.348
paul,528.992
peter,528.992
thing,508.431
spirit,455.994
israel,451.222
john,408.177
peopl,372.447
king,360.971
church,358.943
pharise,323.567
land,316.898
world,296.992
gospel,295.575
jew,281.386
grace,276.35
apostl,275.111
immedi,249.062
assuredli,244.733
faith,244.322
simon,234.139
demon,216.417
synagogu,213.634
teacher,201.612
baptiz,195.033
preach,190.465
galile,185.649
pilat,174.592
hour,172.101
judah,167.025
receiv,162.878
judea,157.854
love,155.854
gentil,155.121
offer,154.511
bodi,146.408
brethren,141.839
crucifi,141.581
multitud,132.537
boat,130.615
jame,129.968
herod,129.968
son,127.988
dead,125.666
scriptur,124.427
angel,120.424
worthi,116.039
philip,115.101
mind,114.644
doctrin,114.25
david,112.995
hous,110.71
greek,105.867
betray,105.148
marvel,104.484
crowd,104.403
saint,102.991
fellow,100.518
barnaba,100.237
nazareth,100.237
messeng,98.846
greet,98.296
sat,96.811
mose,93.12
children,92.963
conscienc,92.807
juda,92.807
belov,91.005
egypt,88.229
etern,86.987
likewis,86.698
tribul,85.954
exhort,84.898
answer,84.627
mysteri,83.62
council,83.62
heard,83.061
heal,82.522
spiritu,82.271
amen,80.963
written,80.936
member,79.927
caesar,77.948
circumcis,76.993
aaron,76.597
timothi,74.234
centurion,74.234
sexual,74.234
parabl,74.184
kingdom,73.302
accus,73.283
collector,72.51
baptism,72.51
beg,72.322
hundr,72.123
come,71.925
began,71.662
partak,71.238
pharaoh,70.039
bring,69.4
day,68.751
persecut,68.124
scribe,67.844
daughter,67.612
asia,66.807
sure,66.529
abid,66.104
ministri,65.692
year,65.09
host,64.04
justifi,63.82
macedonia,63.094
lawless,63.094
elect,63.058
flesh,62.812
godli,62.002
glori,61.624
lust,61.186
author,60.988
armi,60.229
enter,59.906
turn,59.84
antioch,59.38
caesarea,59.38
resist,59.38
loud,58.471
back,58.056
amaz,57.715
boast,57.566
soldier,57.483
famili,57.47
burnt,57.447
make,57.044
inhabit,56.086
law,55.847
bondserv,55.668
capernaum,55.668
levit,55.337
gift,54.85
call,54.0
mari,53.15
return,52.68
ephesu,51.955
lazaru,51.955
baptist,51.955
camp,51.734
prison,50.668
favor,50.637
ask,50.023
altar,50.016
anger,49.642
tomb,49.599
bold,48.653
sinner,48.302
sadduce,48.242
devil,48.144
sail,48.144
fell,47.148
teach,47.102
blasphem,46.943
enemi,46.847
iniqu,46.829
joshua,46.811
fellowship,46.643
dwell,46.626
fulfil,46.487
region,46.375
princ,46.304
solomon,46.034
natur,45.889
begin,45.548
punish,45.247
immor,45.111
meet,44.992
gold,44.938
twenti,44.728
water,44.637
dragon,44.53
epistl,44.53
festu,44.53
martha,44.53
magdalen,44.53
crow,44.53
infirm,44.53
made,43.932
hand,43.577
obtain,43.268
disobedi,43.24
babylon,43.15
creat,42.888
wit,42.874
disbeliev,42.729
heavenli,42.216
overcom,42.216
torment,41.827
ark,41.804
risen,41.448
titu,40.818
agrippa,40.818
achaia,40.818
supper,40.818
rooster,40.818
hade,40.818
andrew,40.818
earth,40.793
place,40.699
wick,40.683
valley,40.282
cover,40.154
sake,40.143
abound,40.129
jacob,40.05
power,39.816
reason,39.782
sword,39.669
tribe,39.606
saul,39.583
gate,39.583
contrari,39.009
grain,38.912
face,38.862
battl,38.731
commend,38.416
destroy,38.148
book,38.127
manifest,37.753
work,37.524
edif,37.106
apollo,37.106
sila,37.106
corneliu,37.106
lake,37.106
iscariot,37.106
unbelief,37.106
thoma,37.106
citi,37.076
servant,37.038
captiv,36.78
river,36.509
act,36.219
loos,35.98
ephraim,35.935
wed,35.606
reconcil,35.606
depart,35.504
nation,35.234
silver,35.128
tabernacl,35.071
fornic,34.902
rabbi,34.475
approv,34.475
mountain,34.425
merci,34.195
ram,34.136
burn,34.136
confess,34.095
blind,34.065
cubit,33.467
savior,33.43
incorrupt,33.395
edifi,33.395
anania,33.395
barabba,33.395
caiapha,33.395
surnam,33.395
zebede,33.395
lose,33.357
weak,33.285
write,32.989
wall,32.84
leader,32.789
bull,32.701
thousand,32.669
set,32.499
roman,31.94
translat,31.94
samaritan,31.94
sir,31.94
sanctuari,31.443
hide,31.323
glorifi,31.318
vinedress,31.27
asleep,31.27
fragrant,31.237
young,31.171
cut,31.106
bronz,31.052
belong,31.021
longsuff,30.987
benjamin,30.789
consum,30.789
fire,30.77
persuad,30.572
path,30.522
tent,30.522
conduct,30.327
accord,30.327
revel,30.271
chariot,30.255
side,30.148
greater,30.133
male,29.981
border,29.967
manasseh,29.728
persever,29.683
rome,29.683
elizabeth,29.683
lawyer,29.683
imposs,29.683
tare,29.683
lie,29.642
longer,29.554
garden,29.454
bow,29.396
sit,29.357
sick,28.876
man,28.78
rais,28.53
liberti,28.455
decre,28.378
devout,28.282
coven,28.214
gentl,27.995
seed,27.96
unjust,27.908
north,27.8
shortli,27.679
soul,27.649
forev,27.576
marketplac,27.531
worri,27.531
boldli,27.531
morn,27.497
flock,27.233
chief,27.048
templ,27.033
congreg,27.03
bewar,26.981
unbeliev,26.608
guid,26.54
war,26.532
releas,26.366
jeremiah,26.342
suppos,26.34
perfect,26.189
tax,26.135
covet,26.117
god,26.025
bottomless,25.972
felix,25.972
necess,25.972
cilicia,25.972
stephen,25.972
convict,25.972
galilean,25.972
remiss,25.972
bethani,25.972
paralyt,25.972
desol,25.702
baal,25.634
field,25.307
repent,25.274
loav,25.273
taught,25.256
caus,25.144
brought,25.033
testifi,24.814
opportun,24.772
compel,24.772
hell,24.64
zacharia,24.637
reign,24.575
month,24.463
judg,24.458
babe,24.355
repli,24.336
tempt,24.258
urg,24.258
forgiv,24.222
island,24.149
owe,24.149
strength,24.133
absent,24.115
hezekiah,24.067
thirti,24.051
speak,23.68
propheci,23.666
pillar,23.602
sign,23.589
deed,23.537
plunder,23.529
condemn,23.427
transgress,23.325
confid,23.318
east,23.286
abomin,23.031
freeli,22.919
perceiv,22.791
number,22.697
samuel,22.6
wood,22.542
offens,22.54
unright,22.481
justic,22.326
fifti,22.326
sober,22.261
imit,22.261
transform,22.261
passion,22.261
barrack,22.261
aquila,22.261
thessalonica,22.261
nathanael,22.261
cepha,22.261
citizen,22.261
jose,22.261
praetorium,22.261
denariu,22.261
denarii,22.261
philippi,22.261
unfruit,22.261
bethsaida,22.261
beelzebub,22.261
chain,22.234
laid,22.228
revil,22.227
prais,22.157
heaven,22.028
zion,21.896
built,21.74
recompens,21.578
dwelt,21.504
death,21.453
practic,21.441
hope,21.415
deceiv,21.319
fight,21.283
implor,21.099
colt,21.099
pray,21.067
mean,21.042
idol,21.012
fervent,21.009
readi,20.886
captain,20.75
alm,20.749
advantag,20.655
eagerli,20.655
melchizedek,20.655
goat,20.618
judgment,20.435
court,20.26
bear,20.103
happi,19.957
strong,19.907
seal,19.84
listen,19.827
news,19.673
human,19.413
exist,19.407
say,19.219
swine,19.219
good,19.177
twelv,19.139
lip,18.895
sweet,18.877
egyptian,18.877
effect,18.864
holi,18.772
half,18.72
establish,18.699
resurrect,18.644
age,18.644
hill,18.636
consecr,18.608
equal,18.596
laodicea,18.55
deacon,18.55
disqualifi,18.55
sanctif,18.55
conform,18.55
earnest,18.55
hearer,18.55
tychicu,18.55
aristarchu,18.55
gaiu,18.55
diana,18.55
galatia,18.55
priscilla,18.55
corinth,18.55
demonstr,18.55
troa,18.55
lystra,18.55
proconsul,18.55
pamphylia,18.55
alexand,18.55
spat,18.55
hymn,18.55
herodia,18.55
tetrarch,18.55
toler,18.55
alphaeu,18.55
matthew,18.55
paralyz,18.55
struck,18.468
master,18.358
prophet,18.305
dust,18.209
inherit,18.122
incens,18.083
agre,18.081
flow,18.072
wealth,18.068
break,18.007
gnash,17.913
joppa,17.913
refug,17.799
chaldean,17.799
delight,17.628
guardian,17.628
head,17.597
object,17.445
assur,17.445
gladli,17.445
choke,17.405
sabbath,17.371
sing,17.329
gad,17.26
jordan,17.215
fragment,17.21
unprofit,17.21
bridegroom,17.124
cattl,17.094
fact,17.087
possess,17.003
donkey,17.001
south,16.936
permit,16.839
corrupt,16.833
eye,16.588
ungodli,16.547
parent,16.52
stream,16.451
openli,16.299
forc,16.234
jehoshaphat,16.182
lift,16.157
wilder,16.116
remnant,16.027
choos,15.987
fat,15.987
susten,15.912
livestock,15.912
benefit,15.76
femal,15.728
heart,15.651
reward,15.634
arm,15.524
mina,15.521
dare,15.521
cheer,15.521
canaan,15.444
way,15.377
curs,15.377
worldli,15.374
satisfi,15.374
height,15.374
wive,15.366
blasphemi,15.277
earthquak,15.277
lot,15.275
utterli,15.181
astray,15.168
joy,15.059
prosper,15.038
fear,14.973
esau,14.919
top,14.919
trust,14.895
alpha,14.84
omega,14.84
fabl,14.84
bishop,14.84
element,14.84
silvanu,14.84
hospit,14.84
brotherli,14.84
graft,14.84
propiti,14.84
aground,14.84
crete,14.84
disorderli,14.84
macedonian,14.84
ephesian,14.84
athen,14.84
thyatira,14.84
unworthi,14.84
tarsu,14.84
patriarch,14.84
stewardship,14.84
credit,14.84
anna,14.84
salut,14.84
convuls,14.84
pontiu,14.84
legion,14.84
proselyt,14.84
changer,14.84
hosanna,14.84
bartholomew,14.84
speck,14.84
mammon,14.84
protect,14.836
reuben,14.836
appeal,14.815
pertain,14.815
knock,14.815
open,14.737
group,14.695
front,14.695
deal,14.695
evid,14.62
daili,14.571
syrian,14.567
drive,14.394
afflict,14.388
oil,14.292
debtor,14.223
cornerston,14.223
convinc,14.223
stripe,14.223
princip,14.223
dri,14.166
attack,14.163
rebel,14.163
begotten,14.16
paradis,14.132
fast,14.089
wicked,14.064
bone,13.917
profit,13.902
vow,13.898
envi,13.865
elder,13.855
dissens,13.837
affirm,13.837
contradict,13.837
steadfastli,13.837
pretens,13.837
farther,13.837
hundredfold,13.837
sower,13.831
mediat,13.831
maim,13.831
sprang,13.831
spread,13.705
beat,13.628
wise,13.581
ran,13.533
desir,13.528
counsel,13.515
entranc,13.491
length,13.491
temptat,13.484
thiev,13.484
robber,13.484
jewish,13.484
told,13.393
appear,13.267
grave,13.263
brook,13.222
,13.174
redeem,13.138
midst,13.044
die,12.96
arrow,12.954
ruler,12.941
slaughter,12.891
lion,12.873
sacrific,12.841
daniel,12.837
deni,12.833
west,12.827
tradit,12.691
ancient,12.685
flour,12.685
steward,12.685
width,12.685
mighti,12.664
noah,12.634
perdit,12.632
winter,12.632
fever,12.632
oppress,12.622
led,12.574
custom,12.565
name,12.533
murder,12.455
spear,12.417
refus,12.391
fought,12.307
scourg,12.189
pain,12.15
stori,12.148
feet,12.052
execut,12.047
rod,11.939
testimoni,11.884
slay,11.88
cherubim,11.88
wast,11.871
imput,11.829
physician,11.829
rest,11.788
seventi,11.758
remov,11.754
appoint,11.742
consol,11.736
idl,11.736
fit,11.704
wors,11.704
forbid,11.613
job,11.612
minist,11.518
beauti,11.472
fine,11.373
belief,11.344
elisha,11.344
pride,11.27
descend,11.252
assembl,11.171
broken,11.158
alleluia,11.13
illumin,11.13
insubordin,11.13
dema,11.13
luke,11.13
epaphra,11.13
progress,11.13
dissip,11.13
ambit,11.13
selfish,11.13
freewoman,11.13
sphere,11.13
uninform,11.13
communion,11.13
persuas,11.13
revelri,11.13
justif,11.13
impart,11.13
entertain,11.13
sailor,11.13
skiff,11.13
bernic,11.13
lysia,11.13
evangelist,11.13
thessalonian,11.13
gallio,11.13
itali,11.13
iconium,11.13
zeu,11.13
derb,11.13
perga,11.13
claudiu,11.13
phoenicia,11.13
tranc,11.13
tanner,11.13
alexandrian,11.13
foretold,11.13
simplic,11.13
pontu,11.13
apostleship,11.13
justu,11.13
tiberia,11.13
nicodemu,11.13
cana,11.13
carous,11.13
siloam,11.13
joanna,11.13
bodili,11.13
cyrenian,11.13
discuss,11.13
tame,11.13
gadaren,11.13
arimathea,11.13
spong,11.13
golgotha,11.13
cyren,11.13
mistaken,11.13
herodian,11.13
crumb,11.13
unwash,11.13
mile,11.13
flavor,11.13
decapoli,11.13
vehement,11.111
cloak,11.111
knelt,11.111
arrest,11.111
bounti,11.076
hardship,11.076
carri,11.041
plant,11.011
slain,10.951
diseas,10.892
fault,10.892
hors,10.819
shechem,10.808
mount,10.739
passov,10.73
forgiven,10.729
manner,10.647
spent,10.636
rain,10.621
mustard,10.547
uproar,10.547
scorpion,10.547
copper,10.547
sworn,10.54
plan,10.518
support,10.496
rock,10.484
consid,10.479
principl,10.326
motion,10.326
livelihood,10.326
foam,10.326
unmarri,10.326
fleshli,10.326
stoni,10.326
convers,10.326
club,10.326
temper,10.326
undefil,10.326
behead,10.326
salmon,10.326
conclud,10.326
seventh,10.324
stumbl,10.316
tongu,10.266
evil,10.258
lowli,10.224
sky,10.102
father,10.086
foolish,10.071
subject,10.045
heir,10.045
dream,10.039
zadok,10.005
midian,10.005
uncov,9.983
bore,9.979
safe,9.938
joseph,9.921
fish,9.913
girl,9.909
adulteri,9.909
drag,9.879
humil,9.879
firstborn,9.871
bound,9.865
strike,9.847
forest,9.738
offend,9.731
home,9.729
heap,9.727
sown,9.662
strive,9.58
promis,9.518
blue,9.471
floor,9.471
terror,9.471
pursu,9.421
light,9.323
increas,9.302
sever,9.281
found,9.28
footstool,9.245
accompani,9.245
mute,9.245
astonish,9.242
stronghold,9.204
obey,9.176
person,9.164
religion,9.103
anim,9.07
camel,9.051
bondag,8.996
malic,8.988
hypocrisi,8.988
sour,8.988
highli,8.988
mix,8.961
dedic,8.937
meat,8.937
weigh,8.937
shoulder,8.937
spoil,8.892
forsak,8.855
famin,8.839
isaiah,8.821
divorc,8.821
shout,8.809
swore,8.809
mankind,8.809
knew,8.804
lame,8.768
fulli,8.704
redempt,8.69
horn,8.671
advic,8.67
asher,8.67
reject,8.648
provinc,8.632
thresh,8.632
dilig,8.622
pass,8.609
gather,8.575
wrote,8.56
palac,8.454
enjoy,8.454
dweller,8.403
devour,8.395
respons,8.372
marri,8.371
pearl,8.27
cypru,8.27
night,8.251
balaam,8.201
fourth,8.151
dear,8.147
barn,8.147
perplex,8.147
overshadow,8.147
withdrew,8.147
devis,8.137
instrument,8.137
star,8.11
command,8.103
will,8.093
portion,8.088
rich,8.029
labor,8.016
spoken,7.971
previous,7.92
samaria,7.908
give,7.877
balak,7.871
issachar,7.871
forget,7.871
wing,7.85
cup,7.798
report,7.798
air,7.769
wipe,7.764
adorn,7.764
warn,7.749
ten,7.737
dishonor,7.722
intend,7.722
count,7.67
know,7.652
oxen,7.639
prevent,7.605
ahaz,7.605
nathan,7.605
piti,7.605
thrown,7.605
guilt,7.605
asa,7.594
duti,7.594
build,7.59
fled,7.526
righteou,7.522
creatur,7.511
tree,7.507
iron,7.472
honey,7.447
tower,7.447
harpist,7.419
spew,7.419
quart,7.419
nicolaitan,7.419
smyrna,7.419
sardi,7.419
philadelphia,7.419
pergamo,7.419
antichrist,7.419
brute,7.419
dignitari,7.419
grumbl,7.419
sensual,7.419
holiest,7.419
faultless,7.419
immut,7.419
onesiphoru,7.419
hymenaeu,7.419
busybodi,7.419
archangel,7.419
archippu,7.419
laodicean,7.419
onesimu,7.419
basic,7.419
preemin,7.419
epaphroditu,7.419
pleaser,7.419
eyeservic,7.419
tenderheart,7.419
conceit,7.419
heresi,7.419
zealous,7.419
tutor,7.419
inexpress,7.419
peril,7.419
shipwreck,7.419
emin,7.419
sleepless,7.419
heartili,7.419
conscious,7.419
sodomit,7.419
defam,7.419
stephana,7.419
spain,7.419
aim,7.419
affection,7.419
soberli,7.419
sabaoth,7.419
foreknew,7.419
abba,7.419
new,7.419
blessed,7.419
unforgiv,7.419
boaster,7.419
godhead,7.419
barbarian,7.419
publiu,7.419
rudder,7.419
prow,7.419
overboard,7.419
tertullu,7.419
citizenship,7.419
voyag,7.419
miletu,7.419
asso,7.419
trophimu,7.419
theater,7.419
demetriu,7.419
erastu,7.419
sosthen,7.419
corinthian,7.419
crispu,7.419
areopagu,7.419
berea,7.419
jason,7.419
bithynia,7.419
mysia,7.419
strangl,7.419
garland,7.419
herm,7.419
pisidia,7.419
papho,7.419
agabu,7.419
aenea,7.419
lydda,7.419
hellenist,7.419
outcom,7.419
foreknowledg,7.419
phrygia,7.419
cappadocia,7.419
pentecost,7.419
matthia,7.419
barsaba,7.419
breakfast,7.419
titl,7.419
towel,7.419
expedi,7.419
murmur,7.419
latin,7.419
olivet,7.419
auster,7.419
handkerchief,7.419
zacchaeu,7.419
distract,7.419
welcom,7.419
jeopardi,7.419
unthank,7.419
zealot,7.419
mattathiah,7.419
matthat,7.419
melchi,7.419
inn,7.419
augustu,7.419
theophilu,7.419
salom,7.419
rufu,7.419
sharpli,7.419
mite,7.419
impedi,7.419
jairu,7.419
windstorm,7.419
sabachthani,7.419
lama,7.419
wag,7.419
gethseman,7.419
outwardli,7.419
strain,7.419
landown,7.419
regener,7.419
transfigur,7.419
ghost,7.419
grainfield,7.419
chorazin,7.419
harmless,7.419
thaddaeu,7.419
unshrunk,7.419
inwardli,7.419
rust,7.419
exce,7.419
tittl,7.419
epilept,7.419
pinnacl,7.419
tempter,7.419
nazaren,7.419
whomev,7.409
exceedingli,7.407
glass,7.406
predestin,7.406
entangl,7.406
accustom,7.406
danger,7.406
confer,7.406
strictli,7.406
jasper,7.406
easier,7.406
meant,7.406
bondwoman,7.406
edg,7.383
shaken,7.378
forsaken,7.376
deep,7.376
obedi,7.374
rehoboam,7.34
ring,7.336
learn,7.329
sect,7.301
idolat,7.301
stoop,7.301
key,7.301
sickl,7.301
glad,7.252
spend,7.248
worship,7.181
pay,7.164
worker,7.149
ship,7.145
husband,7.095
josiah,7.079
expel,7.074
stood,7.004
cloud,6.98
clear,6.951
shake,6.948
escap,6.947
puf,6.93
builder,6.93
brimston,6.93
reap,6.929
guarante,6.915
admonit,6.915
profess,6.915
invis,6.915
martyr,6.915
ascertain,6.915
accur,6.915
farewel,6.915
spectacl,6.915
conflict,6.915
speechless,6.915
signifi,6.915
conveni,6.915
commot,6.915
warfar,6.915
trickeri,6.915
extortion,6.915
leas,6.915
sting,6.915
dinner,6.915
mob,6.915
knapsack,6.915
spill,6.915
skull,6.915
liber,6.915
render,6.909
suffer,6.909
neck,6.904
snare,6.899
sow,6.883
samson,6.809
treacher,6.809
compass,6.809
chang,6.809
psalm,6.783
ago,6.783
buri,6.763
move,6.763
awar,6.689
watch,6.685
reproach,6.679
account,6.621
restor,6.599
cloth,6.553
defend,6.545
low,6.545
bath,6.545
thigh,6.545
uncircumcis,6.528
end,6.493
town,6.479
horsemen,6.453
weight,6.453
innoc,6.453
fierc,6.441
tenth,6.441
save,6.418
multipli,6.391
spring,6.365
meek,6.341
win,6.341
shore,6.341
cheat,6.341
inscript,6.341
bush,6.341
cast,6.339
hungri,6.336
earnestli,6.323
pestil,6.31
graciou,6.31
arous,6.31
naked,6.31
fool,6.281
realiz,6.28
woven,6.28
base,6.28
cord,6.28
wrong,6.248
abund,6.248
song,6.21
naphtali,6.206
maintain,6.056
disast,6.056
humili,6.056
silent,6.03
counselor,6.016
gideon,6.016
rescu,6.016
pastur,6.016
weapon,6.016
behalf,5.995
understood,5.995
elijah,5.992
sixti,5.981
provid,5.978
ox,5.961
companion,5.931
youth,5.931
kill,5.9
feed,5.887
suppli,5.882
trumpet,5.85
stretch,5.846
fig,5.837
grant,5.837
housetop,5.804
zealou,5.804
mere,5.802
zechariah,5.802
bar,5.802
window,5.802
priesthood,5.801
courag,5.753
design,5.753
palm,5.753
ordin,5.753
reviv,5.753
voic,5.733
fill,5.722
cave,5.717
aroma,5.717
approach,5.71
till,5.698
servic,5.693
leaven,5.666
moon,5.633
piec,5.588
attend,5.549
scale,5.549
eighti,5.549
matter,5.531
driven,5.526
extend,5.49
feel,5.49
dug,5.49
queen,5.476
blow,5.476
roar,5.474
blemish,5.474
exalt,5.459
look,5.45
earthli,5.398
pregnant,5.398
wolv,5.398
reput,5.398
throng,5.398
toss,5.398
perfectli,5.398
plank,5.398
idolatri,5.398
waysid,5.398
abhor,5.297
band,5.297
reed,5.268
torn,5.233
maidserv,5.233
pieti,5.227
unlaw,5.227
eli,5.227
hasten,5.227
carcass,5.227
anoint,5.223
child,5.203
disput,5.14
griev,5.083
crush,5.046
deliv,5.036
permiss,4.992
sacrif,4.992
zebulun,4.992
disregard,4.965
religi,4.965
magic,4.965
recal,4.965
posit,4.965
lad,4.965
play,4.96
esteem,4.952
leper,4.952
attain,4.952
adopt,4.949
tide,4.949
abstain,4.949
dish,4.949
midnight,4.949
mingl,4.949
sought,4.883
settl,4.857
cold,4.852
cure,4.829
exceed,4.829
wine,4.808
result,4.796
provis,4.796
fail,4.779
pit,4.779
triumph,4.754
preserv,4.747
pour,4.714
gateway,4.703
abiathar,4.703
shoot,4.703
music,4.703
relent,4.703
claim,4.703
blast,4.703
korah,4.703
dread,4.703
wait,4.699
bird,4.694
foreign,4.67
defil,4.659
aros,4.603
angri,4.586
born,4.577
kindl,4.555
staff,4.555
case,4.555
subdu,4.547
grape,4.516
foundat,4.503
major,4.493
goodwil,4.493
anxiou,4.493
innumer,4.493
lifetim,4.493
outward,4.493
inquiri,4.493
dine,4.493
kind,4.479
shadow,4.466
begot,4.461
devot,4.443
corps,4.443
swallow,4.419
isaac,4.415
point,4.408
steal,4.408
weep,4.391
tell,4.33
sinai,4.33
forgotten,4.33
ash,4.33
harp,4.33
faint,4.3
row,4.3
melt,4.3
royal,4.3
ground,4.281
road,4.25
small,4.236
crop,4.214
threw,4.208
heavi,4.203
uriah,4.183
jephthah,4.183
stranger,4.17
reveal,4.169
even,4.154
ruin,4.119
israelit,4.106
care,4.091
poor,4.073
endur,4.07
sight,4.05
guilti,4.047
spi,4.047
grief,4.047
state,4.045
think,4.045
highest,4.045
hinder,4.045
burden,4.041
sidon,4.023
milk,3.99
greedi,3.959
magistr,3.959
summon,3.959
solid,3.959
deadli,3.959
aid,3.959
porch,3.959
wineskin,3.959
figur,3.959
brood,3.959
read,3.929
shade,3.924
arab,3.924
overflow,3.924
agreement,3.924
excus,3.916
proud,3.914
jericho,3.914
stand,3.909
creep,3.884
wave,3.867
liken,3.86
admonish,3.86
proce,3.86
sorceri,3.86
shone,3.86
pattern,3.86
present,3.858
vain,3.826
knowledg,3.822
pervers,3.815
precept,3.81
rage,3.81
tablet,3.81
counten,3.81
scatter,3.747
invit,3.731
corner,3.711
harvest,3.711
submit,3.711
transpar,3.71
chrysopras,3.71
sardonyx,3.71
chrysolit,3.71
chalcedoni,3.71
omnipot,3.71
flutist,3.71
craft,3.71
shipmast,3.71
splendid,3.71
citron,3.71
armageddon,3.71
furlong,3.71
sulfur,3.71
hyacinth,3.71
abaddon,3.71
apollyon,3.71
salv,3.71
lukewarm,3.71
antipa,3.71
persev,3.71
patmo,3.71
grumbler,3.71
domain,3.71
crept,3.71
unnot,3.71
diotreph,3.71
advoc,3.71
untaught,3.71
ensur,3.71
shortsight,3.71
briefli,3.71
antityp,3.71
courteou,3.71
vice,3.71
newborn,3.71
foreordain,3.71
aimless,3.71
indic,3.71
corros,3.71
corrod,3.71
jealous,3.71
similitud,3.71
unruli,3.71
stricter,3.71
unspot,3.71
implant,3.71
variat,3.71
unwittingli,3.71
disloc,3.71
sawn,3.71
goatskin,3.71
sheepskin,3.71
repeatedli,3.71
obsolet,3.71
deriv,3.71
forerunn,3.71
sluggish,3.71
elementari,3.71
unskil,3.71
sympath,3.71
partaken,3.71
drift,3.71
apphia,3.71
philemon,3.71
zena,3.71
artema,3.71
nicopoli,3.71
pilfer,3.71
fidel,3.71
homemak,3.71
discreet,3.71
linu,3.71
claudia,3.71
puden,3.71
eubulu,3.71
prisca,3.71
coppersmith,3.71
carpu,3.71
crescen,3.71
dalmatia,3.71
disapprov,3.71
jambr,3.71
jann,3.71
gullibl,3.71
headstrong,3.71
philetu,3.71
cancer,3.71
hardwork,3.71
athlet,3.71
enlist,3.71
phygellu,3.71
hermogen,3.71
eunic,3.71
loi,3.71
unapproach,3.71
potent,3.71
wrangl,3.71
obsess,3.71
prejudic,3.71
eldership,3.71
novic,3.71
endless,3.71
admir,3.71
devoutli,3.71
nympha,3.71
hierapoli,3.71
cousin,3.71
circumst,3.71
scythian,3.71
ligament,3.71
handwrit,3.71
philosophi,3.71
coloss,3.71
philippian,3.71
clement,3.71
further,3.71
shod,3.71
wile,3.71
wrinkl,3.71
circumspectli,3.71
pastor,3.71
dispens,3.71
commonwealth,3.71
outburst,3.71
correspond,3.71
beggarli,3.71
straightforward,3.71
favorit,3.71
stealth,3.71
judaism,3.71
foretel,3.71
buffet,3.71
damascen,3.71
areta,3.71
minu,3.71
overextend,3.71
giver,3.71
sparingli,3.71
unprepar,3.71
willing,3.71
urgenc,3.71
downcast,3.71
belial,3.71
unequ,3.71
uncloth,3.71
unlift,3.71
unlik,3.71
peddl,3.71
reaffirm,3.71
brave,3.71
terrestri,3.71
celesti,3.71
pitiabl,3.71
dimli,3.71
rude,3.71
clang,3.71
schism,3.71
modesti,3.71
unpresent,3.71
imperish,3.71
embolden,3.71
puff,3.71
happier,3.71
improperli,3.71
misus,3.71
freedman,3.71
concess,3.71
homosexu,3.71
homeless,3.71
poorli,3.71
chloe,3.71
quartu,3.71
tertiu,3.71
julia,3.71
philologu,3.71
olympa,3.71
nereu,3.71
herma,3.71
patroba,3.71
phlegon,3.71
asyncritu,3.71
tryphosa,3.71
persi,3.71
tryphena,3.71
herodion,3.71
countryman,3.71
narcissu,3.71
aristobulu,3.71
apel,3.71
urbanu,3.71
stachi,3.71
amplia,3.71
andronicu,3.71
junia,3.71
epaenetu,3.71
illyricum,3.71
scrupl,3.71
unafraid,3.71
function,3.71
irrevoc,3.71
stupor,3.71
rebecca,3.71
conqueror,3.71
wretch,3.71
old,3.71
impenit,3.71
inexcus,3.71
undiscern,3.71
untrustworthi,3.71
unmerci,3.71
inventor,3.71
minded,3.71
rhegium,3.71
puteoli,3.71
syracus,3.71
figurehead,3.71
dysenteri,3.71
courteous,3.71
estat,3.71
jump,3.71
mainsail,3.71
hoist,3.71
beach,3.71
fathom,3.71
adriat,3.71
abstin,3.71
tackl,3.71
syrti,3.71
undergird,3.71
cabl,3.71
clauda,3.71
euroclydon,3.71
southwest,3.71
phoenix,3.71
northwest,3.71
helmsman,3.71
lasea,3.71
cnidu,3.71
myra,3.71
lycia,3.71
juliu,3.71
adramyttium,3.71
befit,3.71
commiss,3.71
vote,3.71
strictest,3.71
auditorium,3.71
porciu,3.71
drusilla,3.71
adjourn,3.71
assent,3.71
ringlead,3.71
tediou,3.71
courtesi,3.71
foresight,3.71
orat,3.71
antipatri,3.71
spearmen,3.71
thong,3.71
uncondemn,3.71
myriad,3.71
mnason,3.71
pack,3.71
ptolemai,3.71
aboard,3.71
patara,3.71
co,3.71
rhode,3.71
savag,3.71
trogyllium,3.71
chio,3.71
samo,3.71
mitylen,3.71
eutychu,3.71
secundu,3.71
sopat,3.71
clerk,3.71
sceva,3.71
exorcis,3.71
exorcist,3.71
itiner,3.71
tyrannu,3.71
school,3.71
alexandria,3.71
cenchrea,3.71
tentmak,3.71
damari,3.71
dionysiu,3.71
areopagit,3.71
preappoint,3.71
athenian,3.71
apollonia,3.71
amphipoli,3.71
jailer,3.71
customarili,3.71
coloni,3.71
neapoli,3.71
samothrac,3.71
unsettl,3.71
attalia,3.71
bygon,3.71
speaker,3.71
lycaonian,3.71
crippl,3.71
lycaonia,3.71
uplift,3.71
elyma,3.71
sergiu,3.71
paulu,3.71
salami,3.71
seleucia,3.71
luciu,3.71
manaen,3.71
niger,3.71
blastu,3.71
squad,3.71
regiment,3.71
italian,3.71
tabitha,3.71
dorca,3.71
bedridden,3.71
azotu,3.71
candac,3.71
havoc,3.71
remphan,3.71
moloch,3.71
freedmen,3.71
nicanor,3.71
nicola,3.71
parmena,3.71
prochoru,3.71
timon,3.71
sapphira,3.71
uneduc,3.71
foresaw,3.71
cretan,3.71
parthian,3.71
dama,3.71
akel,3.71
infal,3.71
rabboni,3.71
clopa,3.71
gabbatha,3.71
malchu,3.71
gravecloth,3.71
hirel,3.71
illustr,3.71
unheard,3.71
bethesda,3.71
sychar,3.71
certifi,3.71
aenon,3.71
salim,3.71
gallon,3.71
bethabara,3.71
endu,3.71
broil,3.71
constrain,3.71
cleopa,3.71
calvari,3.71
jurisdict,3.71
lordship,3.71
benefactor,3.71
embank,3.71
nobleman,3.71
sumptuous,3.71
bill,3.71
pod,3.71
prodig,3.71
dunghil,3.71
lane,3.71
dropsi,3.71
assail,3.71
ninevit,3.71
innkeep,3.71
susanna,3.71
chuza,3.71
nain,3.71
match,3.71
tile,3.71
gennesaret,3.71
melea,3.71
menan,3.71
mattathah,3.71
jonan,3.71
jorim,3.71
elmodam,3.71
cosam,3.71
addi,3.71
neri,3.71
rhesa,3.71
maath,3.71
semei,3.71
esli,3.71
naggai,3.71
janna,3.71
heli,3.71
intimid,3.71
abilen,3.71
iturea,3.71
tiberiu,3.71
trachon,3.71
lysania,3.71
anxious,3.71
quiriniu,3.71
henceforth,3.71
beckon,3.71
narr,3.71
eloi,3.71
blindfold,3.71
reader,3.71
quadran,3.71
bartimaeu,3.71
timaeu,3.71
rigid,3.71
whiten,3.71
dalmanutha,3.71
leftov,3.71
ephphatha,3.71
syro,3.71
phoenician,3.71
corban,3.71
cumi,3.71
talitha,3.71
pillow,3.71
pictur,3.71
cananit,3.71
boanerg,3.71
idumea,3.71
commonli,3.71
mill,3.71
chick,3.71
mint,3.71
weightier,3.71
anis,3.71
bethphag,3.71
heathen,3.71
magdala,3.71
boister,3.71
lebbaeu,3.71
gergesen,3.71
thornbush,3.71
sue,3.71
slap,3.71
penni,3.71
raca,3.71
jot,3.71
peacemak,3.71
unquench,3.71
archelau,3.71
eliud,3.71
achim,3.71
azor,3.71
overcam,3.703
sooner,3.703
compuls,3.703
symbol,3.703
charact,3.703
immov,3.703
traitor,3.703
oneself,3.703
forbad,3.703
shackl,3.703
needl,3.703
elimin,3.703
spin,3.703
hen,3.703
cargo,3.703
fraud,3.703
departur,3.703
deleg,3.703
untrain,3.703
unusu,3.703
weather,3.703
winebibb,3.703
divers,3.703
uttermost,3.703
beseech,3.703
endeavor,3.703
convert,3.703
manger,3.703
vigil,3.703
alabast,3.703
instructor,3.703
babbl,3.703
meantim,3.703
waterpot,3.703
goddess,3.703
malici,3.703
wallow,3.703
expir,3.703
mend,3.703
whitewash,3.703
sheet,3.703
orderli,3.703
birthday,3.703
mark,3.681
heed,3.673
suprem,3.666
haughti,3.666
joram,3.666
recov,3.666
captur,3.666
aloud,3.666
nois,3.665
sackcloth,3.665
green,3.665
steadfast,3.653
inquir,3.649
woman,3.628
destruct,3.596
hypocrit,3.591
sharp,3.572
herd,3.569
public,3.567
laugh,3.567
miracl,3.533
hear,3.532
content,3.513
step,3.511
crown,3.5
mention,3.479
priest,3.476
oath,3.448
wander,3.448
jerusalem,3.44
touch,3.435
blood,3.433
payment,3.409
reform,3.409
unawar,3.409
bloodsh,3.409
rank,3.409
feebl,3.409
hurri,3.409
fro,3.409
part,3.396
sorrow,3.388
tread,3.359
contend,3.359
pure,3.358
darken,3.357
rightli,3.357
reserv,3.357
imag,3.339
tender,3.327
troop,3.327
happen,3.325
rejoic,3.32
sincer,3.307
wither,3.301
blameless,3.301
speech,3.301
distress,3.291
thief,3.262
swear,3.247
doer,3.233
wide,3.233
met,3.211
great,3.181
renew,3.16
ahead,3.16
supplic,3.159
doubl,3.159
hire,3.159
red,3.159
vengeanc,3.159
summer,3.153
jotham,3.153
frighten,3.153
limit,3.153
hatr,3.153
safeti,3.153
straw,3.153
gaza,3.153
reckon,3.153
door,3.139
virtu,3.134
swift,3.134
travel,3.119
flame,3.119
profan,3.102
prevail,3.102
proverb,3.089
hallow,3.089
chosen,3.074
question,3.04
basket,3.039
tore,3.022
simeon,3.022
dealt,3.022
partial,3.013
week,3.013
abundantli,3.013
secret,3.005
neighbor,2.999
luxuri,2.997
clean,2.986
lack,2.981
deserv,2.97
anchor,2.969
sparrow,2.969
annul,2.969
puriti,2.969
inferior,2.969
countrymen,2.969
occupi,2.969
need,2.969
knit,2.969
mirror,2.969
scarc,2.969
pleas,2.96
rebuk,2.95
slave,2.949
free,2.938
harm,2.935
life,2.925
correct,2.912
memori,2.912
immort,2.9
brass,2.9
race,2.9
spite,2.9
promin,2.9
burdensom,2.9
thank,2.9
sorcer,2.9
sun,2.9
district,2.899
amon,2.899
kish,2.899
twelfth,2.899
rob,2.899
wool,2.899
zerah,2.899
withhold,2.899
overthrow,2.899
flee,2.893
tast,2.892
mourn,2.871
walk,2.855
offici,2.853
folli,2.853
trembl,2.844
earli,2.844
leav,2.839
calf,2.813
chasten,2.786
short,2.786
rememb,2.784
nake,2.778
reach,2.773
breath,2.773
bag,2.769
genealog,2.761
syria,2.749
suffici,2.749
hang,2.749
breast,2.738
violenc,2.738
drew,2.715
sanctifi,2.715
widow,2.711
separ,2.685
serv,2.679
decis,2.647
flourish,2.647
origin,2.647
jezebel,2.647
boundari,2.647
maker,2.647
incur,2.647
entrail,2.647
season,2.629
ninth,2.628
marriag,2.628
orphan,2.62
pair,2.62
demand,2.62
jess,2.608
proper,2.608
awak,2.608
drove,2.608
fals,2.606
weari,2.558
wild,2.558
adulter,2.532
search,2.53
proceed,2.516
sandal,2.516
alien,2.478
barley,2.478
keeper,2.478
levi,2.443
straight,2.434
gird,2.434
ignor,2.431
mother,2.431
inspir,2.397
despair,2.397
forbear,2.397
whisper,2.397
alik,2.397
snow,2.397
tamar,2.397
er,2.397
nahor,2.397
sigh,2.39
easi,2.39
uzziah,2.39
shape,2.39
nobl,2.383
stop,2.383
beast,2.381
scarlet,2.375
victori,2.371
lament,2.371
want,2.345
wrap,2.308
millston,2.308
word,2.292
crimin,2.266
proclaim,2.266
lower,2.266
mouth,2.26
sold,2.258
seiz,2.258
forti,2.246
vine,2.243
empti,2.212
gener,2.21
direct,2.192
obe,2.163
boaz,2.163
ambush,2.163
belli,2.163
lazi,2.149
depriv,2.149
uphold,2.149
ethiopia,2.149
forevermor,2.149
cymbal,2.149
farthest,2.149
seduc,2.149
stick,2.149
fifteenth,2.149
dig,2.149
torch,2.149
enlarg,2.149
shem,2.149
throne,2.145
despis,2.134
humbl,2.13
provok,2.125
wash,2.125
faithless,2.106
decept,2.106
crafti,2.106
nourish,2.106
poison,2.106
sum,2.106
submiss,2.102
final,2.102
kiss,2.085
produc,2.081
sin,2.075
hebrew,2.059
majesti,2.058
highway,2.058
afraid,2.049
white,2.037
letter,2.03
room,2.03
wail,2.018
helper,2.018
attent,2.014
fountain,2.014
guest,2.01
courtyard,2.01
refresh,2.01
barren,2.005
younger,1.994
dove,1.994
access,1.979
unreason,1.979
uncertain,1.979
abyss,1.979
defraud,1.979
tortur,1.979
sternli,1.979
brotherhood,1.979
cultiv,1.979
steep,1.979
lydia,1.979
forese,1.979
overtaken,1.979
sung,1.979
deposit,1.979
withstood,1.979
goad,1.979
risk,1.979
unwis,1.979
slack,1.979
sprout,1.979
fisher,1.979
materi,1.979
salem,1.979
close,1.972
charit,1.957
comprehend,1.957
exclud,1.957
overturn,1.957
certif,1.957
theft,1.957
unknown,1.957
genuin,1.941
rope,1.941
hewn,1.941
bitterli,1.941
couch,1.941
load,1.941
continu,1.936
common,1.929
eaten,1.929
bind,1.923
jonah,1.921
golden,1.921
praiseworthi,1.904
mislead,1.904
pang,1.904
broad,1.904
joel,1.904
brier,1.904
cluster,1.904
ethiopian,1.904
interest,1.904
boy,1.904
drink,1.904
eber,1.904
upward,1.904
everlast,1.901
greatli,1.887
veil,1.881
adam,1.881
presenc,1.878
troubl,1.869
destitut,1.854
clay,1.847
caught,1.84
lewd,1.839
zeal,1.839
forehead,1.839
fli,1.826
sixth,1.82
root,1.812
stir,1.805
harlot,1.799
guard,1.791
understand,1.784
interpret,1.769
collect,1.756
statur,1.756
accept,1.751
comfort,1.737
distribut,1.734
reliev,1.723
zerubbabel,1.723
abijah,1.723
rush,1.723
includ,1.723
fasten,1.723
women,1.723
fourteenth,1.723
exercis,1.722
yoke,1.722
full,1.7
order,1.682
live,1.674
plagu,1.669
experienc,1.663
crook,1.663
eas,1.663
mede,1.663
turtledov,1.663
basin,1.663
jealou,1.663
frog,1.663
scepter,1.663
unit,1.663
naaman,1.663
storehous,1.663
eliez,1.663
keep,1.655
spice,1.64
cri,1.639
brother,1.626
strengthen,1.616
wept,1.597
stay,1.582
ascend,1.579
rever,1.576
consent,1.576
toil,1.576
error,1.567
sprinkl,1.567
messag,1.567
gloriou,1.534
complaint,1.51
plenti,1.51
drunken,1.506
lump,1.506
scorch,1.506
repaid,1.506
enmiti,1.506
wonder,1.488
confus,1.483
filthi,1.475
beaten,1.475
distanc,1.475
believ,1.469
bless,1.469
consult,1.462
parti,1.462
leg,1.462
medit,1.462
displeas,1.462
advanc,1.462
herb,1.462
affair,1.461
sarah,1.461
test,1.459
gog,1.426
difficult,1.426
notic,1.426
barak,1.426
uproot,1.426
manslay,1.426
bit,1.426
heifer,1.426
activ,1.426
entic,1.426
sojourn,1.426
entreat,1.426
shot,1.426
speedili,1.426
hamor,1.426
form,1.423
join,1.421
trial,1.415
hunger,1.415
press,1.415
conceiv,1.397
suddenli,1.379
board,1.364
middl,1.364
tabl,1.354
bought,1.354
grass,1.332
complet,1.327
dip,1.314
wife,1.313
rise,1.307
simpl,1.303
furnish,1.303
impos,1.303
habit,1.303
prefer,1.287
run,1.278
cling,1.275
fade,1.275
ransom,1.275
poverti,1.275
attempt,1.266
pilgrim,1.266
twist,1.266
yesterday,1.266
bitter,1.263
sound,1.227
forgav,1.217
accurs,1.217
leap,1.217
bread,1.216
rebellion,1.214
fall,1.209
afterward,1.207
secur,1.196
friendship,1.194
express,1.194
helpless,1.194
chaff,1.194
total,1.194
construct,1.194
confound,1.194
associ,1.194
ivori,1.194
ruth,1.194
vile,1.194
gush,1.194
degre,1.194
workmanship,1.194
frame,1.194
sapphir,1.194
health,1.194
confin,1.194
plot,1.181
hidden,1.166
concern,1.165
tunic,1.165
decid,1.162
eighth,1.162
defens,1.139
encourag,1.139
arriv,1.139
rel,1.135
thanksgiv,1.128
thirst,1.128
eagl,1.121
hot,1.121
locust,1.121
furiou,1.103
blot,1.103
perez,1.103
nativ,1.103
haran,1.103
fifteen,1.103
euphrat,1.103
sleep,1.101
coal,1.095
pervert,1.095
overtak,1.095
embrac,1.095
seat,1.089
spoke,1.073
treasuri,1.069
hard,1.069
honor,1.063
determin,1.061
preced,1.053
ink,1.053
fishermen,1.053
abolish,1.053
coin,1.053
swim,1.053
wake,1.053
uniti,1.053
unsearch,1.053
shun,1.053
manifold,1.053
disturb,1.053
weaker,1.053
ladi,1.053
pound,1.053
kick,1.053
passag,1.053
apiec,1.053
adulteress,1.053
unholi,1.053
lit,1.053
sardiu,1.053
unstabl,1.053
eve,1.053
exampl,1.051
matur,1.051
regist,1.051
debt,1.051
viper,1.051
joint,1.051
burial,1.051
today,1.039
plead,1.034
ear,1.024
rule,1.023
follow,1.016
spare,1.012
divid,1.004
household,0.993
garment,0.991
cowardli,0.99
testat,0.99
unchang,0.99
parchment,0.99
frequent,0.99
ignorantli,0.99
aspir,0.99
richli,0.99
intrud,0.99
goal,0.99
apprehend,0.99
contemporari,0.99
grudgingli,0.99
unveil,0.99
steadili,0.99
uncertainti,0.99
incred,0.99
publicli,0.99
visitor,0.99
detach,0.99
resourc,0.99
donat,0.99
thickli,0.99
launch,0.99
critic,0.99
remors,0.99
gnat,0.99
anticip,0.99
launder,0.99
coars,0.99
derid,0.99
nahum,0.99
sharper,0.99
menserv,0.99
talker,0.99
gorgeous,0.99
offscour,0.99
brow,0.99
recent,0.99
recoveri,0.99
arbitr,0.99
lavish,0.99
cummin,0.99
harbor,0.99
waver,0.99
wanton,0.99
shorn,0.99
debas,0.99
gratifi,0.99
blamelessli,0.99
weighti,0.99
greedili,0.99
disreput,0.99
wholesom,0.99
prate,0.99
clamor,0.99
sear,0.99
reproof,0.99
asp,0.99
laud,0.99
hater,0.99
freed,0.99
sickb,0.99
leash,0.99
diffus,0.99
moistur,0.99
execution,0.99
gnaw,0.99
breaker,0.99
disarm,0.99
readili,0.99
elamit,0.99
neglig,0.99
mixtur,0.99
magnific,0.99
outran,0.99
transfer,0.99
unwil,0.99
forewarn,0.99
blade,0.99
bay,0.99
patch,0.99
ventur,0.99
itch,0.99
kidnapp,0.99
mutil,0.99
wrongdo,0.99
grapevin,0.99
suitabl,0.99
voluntari,0.99
jacinth,0.99
amethyst,0.99
premedit,0.99
eloqu,0.99
shrewdli,0.99
unload,0.99
childbear,0.99
imagin,0.99
nod,0.99
street,0.975
trustworthi,0.97
rent,0.97
compassion,0.97
term,0.97
scoffer,0.97
bent,0.97
aha,0.97
mire,0.97
trap,0.97
nearbi,0.97
kidron,0.97
conspiraci,0.97
distinguish,0.97
pigeon,0.97
flash,0.97
allot,0.97
custodi,0.97
shelah,0.97
well,0.97
meal,0.97
terah,0.97
lamech,0.97
behav,0.961
sore,0.961
dawn,0.961
observ,0.961
block,0.96
seek,0.93
prudent,0.923
blew,0.923
anguish,0.923
ala,0.92
plainli,0.92
sister,0.919
enlighten,0.912
calv,0.912
fame,0.912
frankincens,0.912
beneath,0.912
hezron,0.912
buy,0.912
oven,0.912
complain,0.91
almighti,0.894
truth,0.893
purpos,0.891
lay,0.889
feast,0.882
grew,0.869
cross,0.835
linen,0.831
foot,0.831
patienc,0.823
vision,0.814
inform,0.809
lean,0.809
drown,0.809
furnac,0.809
grown,0.809
hast,0.799
creation,0.795
entrust,0.788
threat,0.788
grind,0.788
crystal,0.788
moth,0.788
imprison,0.788
govern,0.788
occur,0.788
fox,0.788
ridicul,0.788
narrow,0.788
hem,0.788
late,0.788
twin,0.788
strap,0.788
perish,0.783
wage,0.769
advis,0.76
moment,0.76
exchang,0.76
shave,0.76
sad,0.76
stronger,0.76
suppress,0.755
silk,0.755
induc,0.755
farm,0.755
ware,0.755
alter,0.755
miser,0.755
veget,0.755
harass,0.755
lick,0.755
ripe,0.755
warp,0.755
yellow,0.755
earthen,0.755
stiff,0.755
tip,0.755
relief,0.755
bite,0.755
beor,0.755
larg,0.755
worth,0.755
seashor,0.755
arphaxad,0.755
wound,0.75
upper,0.747
mine,0.744
indign,0.743
teeth,0.743
merchant,0.731
price,0.731
restrain,0.731
refin,0.73
loyal,0.73
climb,0.73
lend,0.73
nineveh,0.73
measur,0.729
trespass,0.724
pull,0.72
perform,0.715
intercess,0.707
shook,0.707
allow,0.707
purpl,0.707
abroad,0.707
firstfruit,0.7
owner,0.685
shine,0.68
cleans,0.68
bride,0.68
belt,0.68
stomach,0.676
acknowledg,0.676
charg,0.676
hurt,0.674
deliver,0.666
fed,0.666
utter,0.649
birth,0.649
thought,0.636
offspr,0.628
lampstand,0.618
wheat,0.618
chose,0.618
shelter,0.607
drop,0.607
eighteen,0.607
pluck,0.602
share,0.596
mock,0.596
salvat,0.595
lost,0.584
remain,0.581
explain,0.574
bad,0.574
womb,0.574
dominion,0.574
hate,0.572
gain,0.566
lili,0.56
lowest,0.56
higher,0.56
michael,0.56
similar,0.56
censer,0.56
kindli,0.56
control,0.558
expect,0.558
help,0.554
annoy,0.552
real,0.552
respond,0.552
studi,0.552
suggest,0.552
rebuild,0.552
purg,0.552
eliakim,0.552
post,0.552
certainti,0.552
sheath,0.552
chanc,0.552
shrine,0.552
occas,0.552
hailston,0.552
gall,0.552
craftsman,0.552
borrow,0.552
sheepfold,0.552
smaller,0.552
overpow,0.552
yearn,0.552
sureti,0.552
birthright,0.552
oldest,0.552
vindic,0.552
morsel,0.552
childless,0.552
propos,0.552
magog,0.552
commit,0.545
send,0.537
outer,0.532
flower,0.532
waist,0.532
patient,0.53
scroll,0.53
wish,0.53
cherish,0.525
testament,0.525
justli,0.525
failur,0.525
doubtless,0.525
flask,0.525
resolv,0.525
dismiss,0.525
glutton,0.525
emerald,0.525
rainbow,0.525
busi,0.504
quench,0.504
examin,0.487
array,0.483
sand,0.483
evildo,0.48
catch,0.48
see,0.476
serpent,0.476
threaten,0.465
creator,0.465
stray,0.465
woe,0.465
swell,0.465
strip,0.465
compani,0.465
yield,0.465
warm,0.461
nest,0.461
merri,0.461
chast,0.46
prize,0.46
dumb,0.46
dull,0.46
sink,0.46
sens,0.46
underfoot,0.46
mightili,0.46
announc,0.46
vintag,0.46
spit,0.46
shown,0.453
preacher,0.451
forsook,0.451
begun,0.451
older,0.451
violent,0.425
abraham,0.425
branch,0.419
ate,0.418
asham,0.417
lamp,0.412
paid,0.41
drawn,0.41
talk,0.408
bright,0.407
unleaven,0.407
hole,0.404
behavior,0.404
mightier,0.404
smell,0.404
raven,0.404
intent,0.388
left,0.381
due,0.378
transgressor,0.374
deaf,0.374
wrath,0.369
aris,0.366
abod,0.365
convey,0.365
mansion,0.365
amo,0.365
headlong,0.365
await,0.365
commun,0.365
honeycomb,0.365
winnow,0.365
crime,0.365
pollut,0.365
coast,0.365
abus,0.365
presumptu,0.365
mistreat,0.365
guiltless,0.365
bottom,0.365
erect,0.365
struggl,0.365
enosh,0.365
seth,0.365
instruct,0.36
surround,0.358
carnal,0.356
thunder,0.34
petit,0.337
fold,0.337
fourteen,0.337
quarrel,0.337
roof,0.337
lamb,0.336
forward,0.334
food,0.333
eleven,0.324
treat,0.324
peac,0.318
friend,0.317
flood,0.313
tyre,0.311
damascu,0.311
thorn,0.311
shame,0.305
leprosi,0.3
dispers,0.3
virgin,0.297
offic,0.296
tumult,0.294
note,0.294
quickli,0.293
bosom,0.277
privat,0.272
shepherd,0.269
treasur,0.269
slumber,0.266
craftsmen,0.266
confront,0.266
infant,0.266
chest,0.266
copi,0.266
chastis,0.266
vomit,0.266
condit,0.266
tempest,0.265
vanish,0.265
affect,0.265
magnifi,0.265
prophesi,0.265
tie,0.265
paper,0.263
homeland,0.263
manag,0.263
tone,0.263
twinkl,0.263
except,0.263
childish,0.263
lag,0.263
code,0.263
intellig,0.263
print,0.263
expound,0.263
tale,0.263
gulf,0.263
perjur,0.263
dragnet,0.263
hosea,0.263
ankl,0.263
calcul,0.263
festiv,0.263
fan,0.263
pale,0.263
diadem,0.263
rough,0.263
gloom,0.263
immanuel,0.263
hay,0.263
quick,0.263
allur,0.263
brokenheart,0.263
mow,0.263
player,0.263
vainli,0.263
tempestu,0.263
shrewd,0.263
eager,0.263
ditch,0.263
swaddl,0.263
estrang,0.263
plung,0.263
amiss,0.263
undon,0.263
parad,0.263
glisten,0.263
zarephath,0.263
grandmoth,0.263
noisi,0.263
monument,0.263
stuck,0.263
saliva,0.263
expressli,0.263
fare,0.263
loudli,0.263
silversmith,0.263
daylight,0.263
alight,0.263
arisen,0.263
muzzl,0.263
brutal,0.263
proport,0.263
leafi,0.263
grudg,0.263
reptil,0.263
seam,0.263
riversid,0.263
coffin,0.263
utmost,0.263
haven,0.263
unexpectedli,0.263
foal,0.263
sweat,0.263
mist,0.263
lesser,0.263
doubt,0.25
prepar,0.246
pleasur,0.244
wind,0.243
held,0.241
languag,0.241
oblig,0.24
burst,0.24
drunkard,0.24
fragranc,0.24
special,0.24
sort,0.24
groan,0.238
aliv,0.237
put,0.228
consist,0.225
earn,0.225
administr,0.225
describ,0.225
enrag,0.225
dissolv,0.225
snatch,0.225
filth,0.225
jeconiah,0.225
rumor,0.225
arabia,0.225
stair,0.225
won,0.225
enrich,0.225
physic,0.225
regret,0.225
childhood,0.225
garrison,0.225
beggar,0.225
swept,0.225
flight,0.225
handl,0.225
administ,0.225
occup,0.225
bundl,0.225
unlov,0.225
mesopotamia,0.225
altogeth,0.225
behold,0.215
lodg,0.212
silenc,0.204
strang,0.204
accomplish,0.204
ordain,0.203
abil,0.203
breastplat,0.203
quarrelsom,0.202
independ,0.202
attribut,0.202
involv,0.202
agoni,0.202
leopard,0.202
contenti,0.202
disciplin,0.202
laden,0.202
laughter,0.202
calm,0.202
disappoint,0.202
egg,0.202
foremost,0.202
prudenc,0.202
expert,0.202
bridl,0.202
sycamor,0.202
pretend,0.202
flax,0.202
encircl,0.202
prune,0.202
celebr,0.202
succeed,0.202
beryl,0.202
wisdom,0.202
prophetess,0.202
lawgiv,0.202
solemnli,0.202
felt,0.202
outcri,0.202
peleg,0.202
cool,0.202
repay,0.198
unclean,0.198
rose,0.194
pool,0.191
fallen,0.185
governor,0.185
depth,0.184
hid,0.184
trampl,0.179
request,0.179
tomorrow,0.179
dark,0.179
ad,0.178
drank,0.178
proof,0.17
avoid,0.17
net,0.167
sea,0.161
properli,0.15
statement,0.15
withstand,0.15
acquaint,0.15
miseri,0.15
cheek,0.15
fresh,0.15
leather,0.15
censu,0.15
arrang,0.15
sang,0.15
slow,0.15
smooth,0.15
awok,0.15
satan,0.14
harden,0.137
mad,0.136
purif,0.136
showbread,0.136
babi,0.136
flute,0.136
broke,0.135
stern,0.131
eleventh,0.131
hung,0.131
cain,0.131
willingli,0.123
plow,0.123
insid,0.122
differ,0.12
neglect,0.119
thrust,0.119
lightn,0.119
recogn,0.119
tith,0.118
eunuch,0.118
true,0.103
partner,0.102
rahab,0.102
substanc,0.102
train,0.102
vessel,0.098
liar,0.085
throw,0.085
regard,0.085
anymor,0.085
apparel,0.083
confirm,0.081
lead,0.081
long,0.081
prayer,0.078
adversari,0.077
sell,0.077
regul,0.075
compos,0.075
nearer,0.075
type,0.075
poet,0.075
absenc,0.075
messiah,0.075
partli,0.075
urgent,0.075
ponder,0.075
swiftli,0.075
robberi,0.075
persecutor,0.075
devic,0.075
entri,0.075
pavement,0.075
carpent,0.075
creditor,0.075
whip,0.075
generos,0.075
wiser,0.075
stall,0.075
cost,0.075
insol,0.075
center,0.075
sway,0.075
descent,0.075
powder,0.075
sentenc,0.075
controversi,0.075
engag,0.075
overlook,0.075
gamaliel,0.075
own,0.075
tooth,0.075
let,0.075
stole,0.075
lineag,0.075
strongli,0.075
reu,0.075
cainan,0.075
finger,0.073
bethlehem,0.073
add,0.073
righteous,0.072
heat,0.069
high,0.069
insult,0.068
level,0.068
vapor,0.068
enviou,0.068
opinion,0.068
costli,0.068
expens,0.068
foolishli,0.068
nail,0.068
extent,0.068
alarm,0.068
nahshon,0.068
hair,0.068
kneel,0.068
insist,0.068
slept,0.068
sheep,0.063
fruit,0.063
armor,0.062
black,0.062
gave,0.062
indulg,0.061
deepli,0.061
helmet,0.061
hall,0.061
reaper,0.061
loin,0.061
ax,0.061
shorten,0.061
assist,0.061
round,0.061
amminadab,0.061
compet,0.061
farmer,0.061
enoch,0.061
distinct,0.06
lover,0.06
den,0.06
blame,0.06
store,0.06
nineti,0.06
compar,0.06
useless,0.059
flatter,0.059
platter,0.059
tail,0.059
smoke,0.059
drunk,0.059
knee,0.055
manna,0.054
worm,0.054
difficulti,0.054
abel,0.054
jealousi,0.053
delay,0.053
wear,0.053
trade,0.053
roll,0.053
divis,0.048
robe,0.048
excel,0.048
bed,0.043
finish,0.043
shut,0.042
grow,0.04
shed,0.036
jest,0.034
temporari,0.034
varieti,0.034
fortun,0.034
constant,0.034
greed,0.034
enabl,0.034
libya,0.034
fertil,0.034
cage,0.034
delus,0.034
exploit,0.034
box,0.034
spikenard,0.034
sew,0.034
cliff,0.034
solitari,0.034
melodi,0.034
backbit,0.034
growth,0.034
sudden,0.034
marrow,0.034
brighter,0.034
rubbish,0.034
contribut,0.034
increasingli,0.034
seacoast,0.034
marbl,0.034
million,0.034
qualifi,0.034
musician,0.034
bandag,0.034
midday,0.034
class,0.034
proven,0.034
daybreak,0.034
shearer,0.034
smallest,0.034
circuit,0.034
lightli,0.034
easili,0.034
brambl,0.034
ensnar,0.034
grandchildren,0.034
loathsom,0.034
extort,0.034
cinnamon,0.034
remembr,0.034
adjoin,0.034
possessor,0.034
decreas,0.034
past,0.032
secretli,0.032
pierc,0.029
gomorrah,0.029
bowl,0.028
draw,0.028
spot,0.027
peaceabl,0.026
greatest,0.026
quiet,0.026
individu,0.026
refrain,0.026
aveng,0.026
void,0.026
bond,0.023
danc,0.023
desert,0.023
villag,0.021
journey,0.021
stone,0.021
remind,0.02
thirsti,0.018
expos,0.018
pitcher,0.018
strife,0.016
time,0.016
like,0.016
christian,0.014
merchandis,0.014
fix,0.014
contempt,0.014
oppos,0.014
dash,0.014
declar,0.014
overs,0.014
myrrh,0.014
ceas,0.014
vineyard,0.014
dog,0.013
divin,0.013
winepress,0.011
betroth,0.011
forefath,0.009
deceas,0.009
hedg,0.009
throat,0.009
stock,0.009
avail,0.009
shealtiel,0.009
doorkeep,0.009
detail,0.009
lo,0.009
dishonest,0.009
wormwood,0.009
contain,0.009
discourag,0.009
hagar,0.009
bruis,0.009
tend,0.009
prove,0.008
loss,0.008
discern,0.008
nurs,0.008
tear,0.007
talent,0.007
purifi,0.007
afar,0.007
visit,0.007
suspicion,0.005
visibl,0.005
reconcili,0.005
gabriel,0.005
pilot,0.005
beheld,0.005
instant,0.005
pomp,0.005
stench,0.005
protest,0.005
sift,0.005
hastili,0.005
soft,0.005
display,0.005
foul,0.005
mutual,0.005
argument,0.005
mocker,0.005
subvert,0.005
daytim,0.005
seller,0.005
incit,0.005
berechiah,0.005
ripen,0.005
notabl,0.005
lighten,0.005
main,0.005
fatten,0.005
withdrawn,0.005
mulberri,0.005
oppon,0.005
surpass,0.005
withdraw,0.005
equip,0.005
harsh,0.005
breadth,0.005
pipe,0.005
ambassador,0.005
circl,0.005
howl,0.005
grope,0.005
trim,0.005
inflict,0.005
conquer,0.005
penalti,0.005
alo,0.005
disfigur,0.005
hyssop,0.005
art,0.005
topaz,0.005
gaze,0.005
wolf,0.005
tarri,0.005
linger,0.005
dreamer,0.005
slowli,0.005
appeas,0.005
wrestl,0.005
lain,0.005
pursuit,0.005
serug,0.005
reced,0.005
thistl,0.005
cun,0.005
terrifi,0.004
men,0.004
deceit,0.003
money,0.003
eat,0.003
fieri,0.002
bestow,0.002
hail,0.002
preciou,0.002
countri,0.002
mortal,0.001
opposit,0.001
sodom,0.001
requir,0.001
oliv,0.001
find,0.001
fibr,0
firewood,0
lahab,0
abu,0
quraish,0
pebbl,0
hutamah,0
advent,0
hawiya,0
hawiyah,0
card,0
unpreced,0
inviol,0
facilit,0
cooper,0
downtrodden,0
aqaba,0
detent,0
unparallel,0
indiscrimin,0
necessarili,0
eram,0
dhil,0
odd,0
carpet,0
reprob,0
eject,0
nightli,0
tariq,0
incumb,0
tasnim,0
musk,0
illiyin,0
comprehens,0
sijin,0
fraudul,0
reunit,0
engross,0
undergo,0
pear,0
despic,0
camphor,0
union,0
uncontrol,0
despond,0
eclips,0
frown,0
scowl,0
grey,0
decent,0
suwa,0
uq,0
yaghuth,0
nasr,0
wadd,0
evert,0
needlessli,0
pu,0
shortcom,0
yemen,0
morali,0
explod,0
divulg,0
absolv,0
strict,0
intoler,0
menstruat,0
menopaus,0
wwhoever,0
merriment,0
friday,0
ahmad,0
concret,0
unbreak,0
model,0
felic,0
immigr,0
kinsfolk,0
product,0
peninsula,0
monast,0
method,0
illus,0
heinou,0
undiminish,0
banana,0
thornless,0
shell,0
abas,0
cushion,0
mankind√Æwhich,0
forelock,0
floweri,0
molten,0
merg,0
potteri,0
husk,0
aromat,0
rotat,0
calamit,0
sandstorm,0
untruthful,0
unfortun,0
siriu,0
durabl,0
embryo,0
unfair,0
manat,0
lat,0
predict,0
unsin,0
invinc,0
brilliantli,0
clayi,0
amidst,0
particl,0
jugular,0
insight,0
laggardli,0
particip,0
entitl,0
miserli,0
niggardli,0
invalid,0
kinship,0
jihad,0
unpollut,0
encount,0
ahqaf,0
guesswork,0
yemenit,0
tubba,0
seizur,0
smother,0
invok,0
dimwit,0
amass,0
linguist,0
text,0
sideway,0
pleadingli,0
qaf,0
ayn,0
lengthi,0
disagre,0
punishemnt,0
propag,0
destructor,0
skeptic,0
disloyalti,0
blacken,0
knower,0
shrink,0
shiver,0
supremaci,0
dhulkifl,0
latest,0
al,0
ba,0
deepest,0
zaqqum,0
poetri,0
bridg,0
eventu,0
extinct,0
enchain,0
chin,0
plotter,0
indestruct,0
poss,0
plough,0
soften,0
disintegr,0
signific,0
deput,0
zayd,0
uncleanli,0
bedouin,0
confeder,0
defenseless,0
yathrib,0
tremend,0
zihar,0
insignific,0
extract,0
orbit,0
suffic,0
ocean,0
appar,0
subtl,0
luqman,0
ingratitud,0
happili,0
superfici,0
frailest,0
prophethood,0
bedeck,0
prestig,0
appraoch,0
bash,0
manhood,0
techniqu,0
worthier,0
rainstorm,0
blink,0
inspect,0
carelessli,0
soloman,0
warmyourselv,0
ador,0
closest,0
nervou,0
extravag,0
relationship,0
salti,0
campaign,0
stationari,0
fatal,0
settler,0
benevol,0
precis,0
mirag,0
nich,0
metaphor,0
immatur,0
aisha,0
instig,0
flog,0
lash,0
spontan,0
ownership,0
arrogantli,0
safest,0
relish,0
stage,0
impiou,0
triumphant,0
monasteri,0
neatli,0
shapeless,0
germ,0
clot,0
amazedli,0
ismael,0
dhul,0
kifl,0
dive,0
biggest,0
duli,0
effici,0
fun,0
preoccupi,0
caller,0
artifici,0
samiri,0
earlier,0
winner,0
organ,0
contest,0
lace,0
loveabl,0
fluent,0
tuwa,0
unspoken,0
ta,0
enumer,0
asund,0
cleav,0
meaningless,0
idri,0
woeful,0
trunk,0
unchast,0
kinsmen,0
ya,0
ha,0
kaf,0
messengerss,0
chao,0
qarnayn,0
dhu,0
undamag,0
junction,0
deadlin,0
invest,0
sperm,0
fullest,0
capac,0
exclaim,0
brocad,0
molt,0
scald,0
keen,0
durat,0
viciou,0
flawless,0
seren,0
equival,0
tahajjud,0
obligatori,0
ampl,0
deafen,0
avers,0
satisfact,0
bankrupt,0
spender,0
upris,0
aqsa,0
miracul,0
sanction,0
verbal,0
transient,0
unnecessari,0
guarantor,0
aloft,0
hive,0
delici,0
sugar,0
arteri,0
vein,0
unexpect,0
steam,0
toppl,0
fluid,0
ultim,0
hijr,0
explos,0
rejoicingli,0
smokeless,0
mould,0
impregn,0
stealthili,0
stun,0
fright,0
fixedli,0
sip,0
unpleas,0
effac,0
proportion,0
subservi,0
alleg,0
bondsman,0
whosoev,0
truste,0
baggag,0
influenc,0
polit,0
suscept,0
ensu,0
dreamt,0
brew,0
gossip,0
guil,0
womanli,0
shirt,0
wisher,0
illustri,0
similarli,0
distant,0
ignomini,0
abat,0
judi,0
embark,0
speci,0
untold,0
obviou,0
merit,0
tyrant,0
simpli,0
fairli,0
breez,0
upset,0
specialist,0
prioriti,0
emigr,0
disown,0
nobli,0
medina,0
blameworthi,0
tabuk,0
unsuccess,0
ungrat,0
effort,0
fund,0
madli,0
reluctantli,0
prior,0
sneak,0
motiv,0
hoard,0
monk,0
uncondit,0
hunayn,0
aggress,0
pact,0
asylum,0
strove,0
mobil,0
vulner,0
brink,0
caravan,0
theygiv,0
anothcr,0
togdher,0
patron,0
conquest,0
unarm,0
ceaselessli,0
warner,0
gradual,0
heedless,0
climat,0
unlett,0
convent,0
enjoin,0
educ,0
grab,0
manufactur,0
shortag,0
bewitch,0
sheer,0
onlook,0
shu,0
defici,0
ayb,0
torrenti,0
disastr,0
remark,0
jolt,0
motionless,0
salih,0
thamud,0
hud,0
consider,0
barrier,0
exclus,0
evalu,0
siesta,0
successor,0
predecessor,0
tenfold,0
explan,0
trellis,0
over,0
tighten,0
normal,0
devilish,0
jinn,0
unknowingli,0
system,0
depositori,0
investig,0
learnt,0
elia,0
achiev,0
disavow,0
azar,0
aimlessli,0
playth,0
lure,0
darkest,0
disabl,0
grievou,0
amus,0
consequ,0
absolut,0
therefrom,0
challeng,0
beneficiari,0
honesti,0
hami,0
ibah,0
bahirah,0
sa,0
wasilah,0
kabah,0
unmark,0
seafood,0
cautiou,0
thoughtless,0
typic,0
bliss,0
handcuf,0
intensifi,0
dignifi,0
abrog,0
perpetr,0
paltri,0
bother,0
legal,0
killer,0
prompt,0
clarifi,0
elbow,0
intercours,0
superstiti,0
strangul,0
precinct,0
ihram,0
kindr,0
verdict,0
undeni,0
extra,0
triniti,0
obstruct,0
virtuous,0
lazili,0
suspens,0
treatment,0
attorney,0
constantli,0
reclin,0
precaut,0
mischief,0
consecut,0
enthusiast,0
desist,0
misde,0
kinder,0
nocturn,0
frankli,0
rejector,0
slightest,0
context,0
misguid,0
semin,0
tayammum,0
defec,0
atom,0
lastli,0
stingi,0
depend,0
protector,0
bequest,0
omnipres,0
amor,0
chastiti,0
indec,0
dower,0
matern,0
aunt,0
patern,0
niec,0
third,0
ward,0
migrat,0
admit,0
avarici,0
avaric,0
respit,0
untouch,0
befel,0
misl,0
suspici,0
glanc,0
pre,0
badr,0
audibl,0
privaci,0
animos,0
freez,0
prohibit,0
amnesti,0
bakka,0
deem,0
realiti,0
mispronounc,0
superior,0
planner,0
cradl,0
unseen,0
senil,0
zachariah,0
imran,0
longest,0
taqiyah,0
dissimul,0
inevit,0
lesson,0
substitut,0
unclear,0
mischiev,0
fundament,0
idea,0
vers,0
torah,0
liabl,0
minor,0
mistak,0
omiss,0
scrupul,0
contract,0
safeguard,0
improv,0
waiv,0
imbal,0
mental,0
modest,0
expiat,0
reluct,0
hurrican,0
rainfal,0
drizzl,0
fruitless,0
chariti,0
recipi,0
fatigu,0
multipl,0
mainten,0
payabl,0
financi,0
indirect,0
date,0
termin,0
menstrual,0
cycl,0
resum,0
marit,0
lenient,0
inattent,0
mens,0
ailment,0
gambl,0
obstacl,0
dislik,0
whilst,0
retribut,0
benefici,0
commenc,0
hajj,0
disrespect,0
domin,0
vicin,0
phase,0
illeg,0
wrongli,0
ramadan,0
mandatori,0
deviat,0
emerg,0
pork,0
yell,0
regrett,0
attitud,0
marwah,0
safa,0
appreci,0
essenc,0
authorit,0
moder,0
qibla,0
legaci,0
worshipp,0
mecca,0
leadership,0
loser,0
munific,0
omnisci,0
mosqu,0
basi,0
islam,0
disbelief,0
ident,0
oblivion,0
unzurna,0
ina,0
address,0
ra,0
accent,0
incant,0
marut,0
harut,0
greediest,0
devotedli,0
previou,0
denial,0
hostil,0
heedlessli,0
legend,0
conjectur,0
bibl,0
misinterpret,0
irrig,0
flaw,0
descript,0
tur,0
sabaean,0
muslim,0
onion,0
corn,0
criteria,0
zakat,0
deliber,0
quran,0
ibli,0
introduc,0
be,0
initi,0
muhammad,0
chapter,0
dome,0
bargain,0
blindli,0
piou,0
alif,0
lam,0
mim,0
univers,0
benefic,0
allah,0
earner,0
institut,0
malachi,0
whichev,0
panic,0
azal,0
rifl,0
agreeabl,0
goatherd,0
wend,0
waterless,0
hadrach,0
fervor,0
sherez,0
elabor,0
dappl,0
disc,0
receptacl,0
scan,0
capston,0
sorrel,0
bittern,0
saltpit,0
overrun,0
undesir,0
riddanc,0
speedi,0
maktesh,0
trace,0
ray,0
habakkuk,0
shigionoth,0
sumptuou,0
purer,0
charger,0
astound,0
powerless,0
kiln,0
boundless,0
rampart,0
jostl,0
emptier,0
tangl,0
wilt,0
elkoshit,0
snake,0
woodland,0
solitarili,0
mud,0
go,0
abash,0
chant,0
flay,0
prattler,0
restrict,0
prattl,0
turncoat,0
haughtili,0
maroth,0
shaphir,0
zaanan,0
aphrah,0
moor,0
repris,0
crossroad,0
confederaci,0
treader,0
strata,0
falsifi,0
spout,0
plumb,0
sikkuth,0
chiun,0
savor,0
harmon,0
fishhook,0
waken,0
retali,0
monstrou,0
gloomi,0
shambl,0
drinker,0
pethuel,0
chimney,0
memor,0
sympathi,0
slash,0
arbel,0
shalman,0
jareb,0
shriek,0
darl,0
pregnanc,0
memphi,0
unturn,0
forag,0
poplar,0
teraphim,0
ruhamah,0
diblaim,0
beeri,0
riverbank,0
strongest,0
richest,0
leagu,0
intrigu,0
richer,0
frailti,0
tigri,0
featur,0
greec,0
refer,0
ulai,0
pompou,0
injuri,0
advisor,0
upharsin,0
mene,0
tekel,0
kingli,0
enigma,0
belshazzar,0
claw,0
psalteri,0
lyre,0
symphoni,0
herald,0
dura,0
fragil,0
ceram,0
interview,0
meshach,0
nego,0
abe,0
shadrach,0
belteshazzar,0
literatur,0
ashpenaz,0
adjac,0
berothah,0
hatticon,0
sibraim,0
hauran,0
hethlon,0
swamp,0
kitchen,0
evict,0
moisten,0
tribal,0
exit,0
shorter,0
galleri,0
wider,0
foursquar,0
exterior,0
archway,0
structur,0
sacrifici,0
hamonah,0
marker,0
burier,0
splendidli,0
wholeheart,0
but,0
riverb,0
chestnut,0
underground,0
rivulet,0
splint,0
tehaphneh,0
beseth,0
chub,0
expend,0
strenuous,0
lowliest,0
syen,0
prick,0
caulker,0
marin,0
sturdi,0
canneh,0
chilmad,0
helbon,0
tusk,0
eboni,0
barter,0
gammad,0
market,0
caulk,0
arvad,0
oarsmen,0
seafar,0
pillag,0
veng,0
stabl,0
scum,0
simmer,0
carefre,0
wagon,0
hord,0
koa,0
shoa,0
paramour,0
babylonian,0
oholibah,0
oholah,0
lewdli,0
infam,0
mockeri,0
bloodi,0
bamah,0
foliag,0
amid,0
bloodlin,0
cruelli,0
shedder,0
terrac,0
topmost,0
twig,0
quot,0
agit,0
wedlock,0
solicit,0
brazen,0
insati,0
multicolor,0
thrive,0
rub,0
sleev,0
stormi,0
untemp,0
postpon,0
azzur,0
inkhorn,0
tammuz,0
worst,0
blown,0
singular,0
barber,0
dung,0
millet,0
batter,0
portray,0
unfamiliar,0
amber,0
radiat,0
ezekiel,0
buzi,0
thirtieth,0
chebar,0
waif,0
track,0
soot,0
blacker,0
unrecogn,0
interrupt,0
refuge,0
cuddl,0
envis,0
swoon,0
bile,0
valuabl,0
destini,0
servitud,0
lone,0
quartermast,0
joyous,0
monster,0
bristl,0
minni,0
derang,0
kamai,0
leb,0
merathaim,0
pekod,0
horrifi,0
chaldea,0
arraign,0
junip,0
scabbard,0
stamp,0
mercenari,0
pretti,0
lydian,0
libyan,0
hophra,0
baali,0
jezaniah,0
kareah,0
ephai,0
nebushasban,0
samgar,0
rabmag,0
sarsechim,0
sarez,0
penetr,0
armpit,0
jucal,0
cell,0
irijah,0
jehuc,0
jehudi,0
cushi,0
igdaliah,0
habazziniah,0
rechabit,0
mahseiah,0
neriah,0
hanamel,0
goath,0
surveyor,0
replenish,0
encompass,0
signpost,0
satiat,0
ordinari,0
planter,0
medicin,0
enslav,0
dement,0
nehelamit,0
gemariah,0
azur,0
moresheth,0
sheshach,0
coniah,0
vermilion,0
melchiah,0
magor,0
missabib,0
hopeless,0
gruesom,0
grip,0
unreli,0
bemoan,0
snif,0
dens,0
dearli,0
floodplain,0
footmen,0
catastroph,0
docil,0
metalsmith,0
uphaz,0
slidden,0
residu,0
amend,0
bellow,0
smelter,0
assay,0
blush,0
slightli,0
defiant,0
lusti,0
stallion,0
neigh,0
bowmen,0
silli,0
procur,0
dictat,0
deiti,0
casual,0
unshod,0
sniff,0
lye,0
degener,0
tahpanh,0
dandl,0
meni,0
holier,0
stain,0
beulah,0
plowmen,0
roost,0
nebaioth,0
dromedari,0
clad,0
intercessor,0
hatch,0
undo,0
debat,0
nuditi,0
bark,0
ho,0
gem,0
smitten,0
comeli,0
visag,0
sinim,0
elev,0
matrix,0
defer,0
stargaz,0
prognost,0
astrolog,0
monthli,0
bel,0
carriag,0
plane,0
chalk,0
watercours,0
gasp,0
pine,0
sledg,0
nonexist,0
anvil,0
solder,0
loveli,0
poultic,0
lovingli,0
undertak,0
crane,0
dial,0
unstop,0
soak,0
oar,0
galley,0
stake,0
gestur,0
stabil,0
caterpillar,0
bustl,0
pyre,0
tophet,0
brandish,0
siev,0
shard,0
shebeth,0
hane,0
reprov,0
obscur,0
illiter,0
liter,0
paus,0
cartwheel,0
plowman,0
stammer,0
verdant,0
chalkston,0
deliveri,0
expand,0
unjustli,0
fort,0
swimmer,0
lee,0
distort,0
antiqu,0
sepulch,0
reservoir,0
joyou,0
dedanit,0
dealer,0
sargon,0
mainstay,0
noph,0
delud,0
fabric,0
sprig,0
sunshin,0
buzz,0
seedl,0
hareseth,0
devast,0
spoiler,0
dimon,0
eglaim,0
nimrim,0
horonaim,0
luhith,0
porcupin,0
muddi,0
lucif,0
maggot,0
woodsman,0
hyena,0
caper,0
wedg,0
tumultu,0
dryshod,0
pathro,0
stem,0
lop,0
gebim,0
madmenah,0
aiath,0
chop,0
peep,0
calno,0
spur,0
replac,0
fuel,0
wizard,0
shiloah,0
jeberechiah,0
hash,0
baz,0
shalal,0
maher,0
hoe,0
seraphim,0
tong,0
whistl,0
speed,0
inflam,0
brand,0
festal,0
headband,0
headdress,0
fineri,0
anklet,0
scarv,0
minc,0
jingl,0
err,0
rug,0
sloop,0
tinder,0
penit,0
alloy,0
hut,0
cucumb,0
hamon,0
sleeper,0
tress,0
rabbim,0
goblet,0
beverag,0
navel,0
workman,0
curv,0
shulamit,0
verdur,0
inlaid,0
fitli,0
wavi,0
latch,0
saffron,0
calamu,0
link,0
spous,0
fawn,0
interior,0
palanquin,0
bether,0
stag,0
lovesick,0
rafter,0
fair,0.0
bloom,0
henna,0
stud,0
filli,0
fairest,0
conclus,0
scholar,0
rave,0
babbler,0
concili,0
odor,0
putrefi,0
quietli,0
nevermor,0
overli,0
crackl,0
unduli,0
threefold,0
misfortun,0
succe,0
orchard,0
vaniti,0
lemuel,0
churn,0
greyhound,0
folk,0
perturb,0
leech,0
malign,0
ucal,0
jakeh,0
agur,0
pamper,0
pestl,0
reflect,0
raini,0
hearti,0
earthenwar,0
charcoal,0
firebrand,0
sensibl,0
flit,0
murki,0
soda,0
seldom,0
overgrown,0
prospect,0
schemer,0
troublemak,0
mast,0
sparkl,0
smoothli,0
rag,0
drowsi,0
overwork,0
lender,0
endlessli,0
squander,0
pacifi,0
fantasi,0
hasti,0
reconsid,0
gravel,0
buyer,0
brawler,0
wari,0
careless,0
abandon,0
nobil,0
entreati,0
castl,0
harder,0
sloth,0
trifl,0
inmost,0
tasti,0
percept,0
wellspr,0
vast,0
unpunish,0
healthi,0
awri,0
allay,0
chatter,0
backslid,0
promptli,0
dishonesti,0
depress,0
frivol,0
slight,0
snout,0
ruthless,0
jubil,0
sport,0
primal,0
travers,0
impud,0
devoid,0
crust,0
roam,0
discord,0
shuffl,0
prowler,0
sluggard,0
ant,0
entrap,0
enraptur,0
doe,0
vat,0
seductress,0
complac,0
concours,0
purs,0
outcast,0
expectantli,0
style,0
sculptur,0
delicaci,0
unform,0
wrought,0
raze,0
mirth,0
profound,0
plower,0
fowler,0
swollen,0
compact,0
entireti,0
disgust,0
dross,0
consumm,0
forg,0
contempl,0
mutter,0
discret,0
veriti,0
waterspr,0
stagger,0
reel,0
rashli,0
interven,0
teem,0
sap,0
pelican,0
equiti,0
anxieti,0
senseless,0
harmoni,0
outwit,0
engulf,0
distraught,0
adrift,0
pathway,0
baca,0
gebal,0
boar,0
stoutest,0
fanci,0
aright,0
dreg,0
haunt,0
untru,0
scoff,0
loftili,0
bulg,0
isl,0
resort,0
scalp,0
fume,0
peak,0
yah,0
ridg,0
outgo,0
totter,0
washpot,0
shoe,0
growl,0
belch,0
snail,0
fang,0
charmer,0
charm,0
lute,0
hound,0
softer,0
smoother,0
windi,0
moan,0
noisili,0
disclos,0
bulwark,0
fairer,0
writer,0
theme,0
deris,0
billow,0
waterfal,0
mizar,0
horribl,0
miri,0
regain,0
frail,0
muse,0
aloof,0
pant,0
fester,0
futur,0
slide,0
fret,0
ah,0
heavili,0
slipperi,0
buckler,0
contrit,0
radiant,0
awe,0
har,0
vital,0
contemptu,0
extol,0
skip,0
splinter,0
oper,0
sinist,0
wax,0
enthron,0
yea,0
handiwork,0
deviou,0
lovingkind,0
uprightli,0
prowl,0
idli,0
sneer,0
renounc,0
sunk,0
rend,0
drench,0
cheekbon,0
selah,0
happuch,0
jemimah,0
keren,0
keziah,0
potsherd,0
undersid,0
slingston,0
crash,0
harpoon,0
jaw,0
lotu,0
behemoth,0
crag,0
resid,0
rattl,0
clash,0
snort,0
pinion,0
onag,0
lair,0
crouch,0
appetit,0
clump,0
bottl,0
cub,0
mazzaroth,0
uprais,0
metal,0
balanc,0
dispatch,0
swirl,0
satur,0
frozen,0
whirlwind,0
majest,0
rumbl,0
distil,0
dire,0
fetch,0
palat,0
succul,0
vent,0
buzit,0
barachel,0
weed,0
furrow,0
prosecutor,0
adher,0
jackal,0
collar,0
ruinou,0
rabbl,0
restraint,0
taunt,0
nettl,0
nestl,0
mallow,0
hush,0
prime,0
friendli,0
thunderbolt,0
rubi,0
quartz,0
coral,0
trickl,0
dam,0
trodden,0
sourc,0
smelt,0
ore,0
hiss,0
sweep,0
pile,0
nonsens,0
discours,0
circular,0
horizon,0
sweetli,0
shower,0
wet,0
huddl,0
uniqu,0
listless,0
lofti,0
falsehood,0
clod,0
countless,0
pail,0
moist,0
storm,0
impati,0
unfan,0
suck,0
pen,0
fenc,0
starv,0
noos,0
stupid,0
flatteri,0
flush,0
eyelid,0
sewn,0
shatter,0
gape,0
shrivel,0
briberi,0
overspread,0
destin,0
stubbornli,0
emboss,0
defiantli,0
writh,0
wink,0
gentli,0
crumbl,0
scent,0
stump,0
decay,0
rotten,0
platitud,0
forger,0
pathless,0
loosen,0
broader,0
sheol,0
naamathit,0
zophar,0
sinew,0
curdl,0
soap,0
plight,0
orion,0
pleiad,0
spider,0
papyru,0
marsh,0
bildad,0
shuhit,0
watcher,0
scare,0
shuttl,0
crack,0
afresh,0
futil,0.0
wearisom,0
unsavori,0
conced,0
undermin,0
overwhelm,0
argu,0
ice,0
exult,0
flavorless,0
bray,0
heavier,0
noontim,0
frustrat,0
spark,0
disquiet,0
upheld,0
oppressor,0
stillborn,0
leviathan,0
sabean,0
purim,0
unwal,0
parmashta,0
vajezatha,0
arisai,0
aridai,0
aridatha,0
adalia,0
poratha,0
aspatha,0
parshandatha,0
dalphon,0
sivan,0
revok,0
counteract,0
harbonah,0
compens,0
horseback,0
crest,0
bigthana,0
merrili,0
zeresh,0
banquet,0
hathach,0
publish,0
courier,0
annihil,0
pur,0
haman,0
hammedatha,0
agagit,0
promot,0
gallow,0
teresh,0
bigthan,0
holiday,0
shaashgaz,0
welfar,0
hegai,0
custodian,0
hadassah,0
esther,0
empir,0
memucan,0
biztha,0
zethar,0
bigtha,0
abagtha,0
carca,0
harbona,0
mehuman,0
vashti,0
compulsori,0
mosaic,0
splendor,0
ahasueru,0
india,0
jezrahiah,0
director,0
minjamin,0
stairway,0
maai,0
milalai,0
gilalai,0
hoshaiah,0
choir,0
altern,0
kallai,0
helkai,0
melichu,0
meraiah,0
joiakim,0
joiada,0
amok,0
ginnethoi,0
judean,0
neballat,0
aija,0
meconah,0
jekabzeel,0
gishpa,0
bakbukiah,0
amashai,0
ahzai,0
meshillemoth,0
pelaliah,0
senuah,0
sallai,0
gabbai,0
ithiel,0
jo,0
kolaiah,0
hazaiah,0
shiloni,0
storeroom,0
forego,0
anan,0
hashabnah,0
pilha,0
shobek,0
meshezabel,0
jaddua,0
beninu,0
azaniah,0
bilgai,0
ginnethon,0
hacaliah,0
document,0
shrug,0
cloudi,0
chenani,0
bunni,0
myrtl,0
distinctli,0
hodijah,0
hashbadana,0
anaiah,0
addon,0
perida,0
bazlith,0
bakbuk,0
harhur,0
hakupha,0
meunim,0
nephishesim,0
hagaba,0
lebana,0
salmai,0
sia,0
hodevah,0
hariph,0
spaciou,0
dishearten,0
elul,0
weaken,0
slaveri,0
mortgag,0
ralli,0
gap,0
miphkad,0
zalaph,0
project,0
uzai,0
palal,0
ananiah,0
baruch,0
section,0
bavai,0
azbuk,0
col,0
hozeh,0
shallun,0
haccerem,0
hallohesh,0
hashabniah,0
harumaph,0
harhaiah,0
goldsmith,0
besodeiah,0
hassenaah,0
hananel,0
geshem,0
horonit,0
sanballat,0
nisan,0
chislev,0
hachaliah,0
jaddai,0
zebina,0
shashai,0
sharai,0
machnadebai,0
jaasai,0
vaniah,0
bedeiah,0
cheluh,0
uel,0
maadai,0
jeremai,0
mattattah,0
mattenai,0
ishijah,0
shimeon,0
chelal,0
adna,0
athlai,0
zabbai,0
aziza,0
zattu,0
jeziah,0
malchiah,0
ramiah,0
kelita,0
kelaiah,0
elasah,0
jahaziah,0
shabbethai,0
pagan,0
satrap,0
meremoth,0
noadiah,0
binnui,0
polish,0
sherebiah,0
casiphia,0
ariel,0
joiarib,0
jarib,0
ahava,0
zabbud,0
hakkatan,0
azgad,0
pahath,0
beautifi,0
confisc,0
volunt,0
ezra,0
edict,0
achmetha,0
media,0
archiv,0
site,0
issu,0
persian,0
dariu,0
shethar,0
tattenai,0
boznai,0
haggai,0
foster,0
sedit,0
osnapp,0
apharsathchit,0
shushan,0
dinait,0
dehavit,0
tarpelit,0
shimshai,0
script,0
tabel,0
bishlam,0
artaxerx,0
henadad,0
jozadak,0
drachma,0
habaiah,0
koz,0
tobiah,0
tel,0
addan,0
melah,0
zebaim,0
ami,0
pochereth,0
hattil,0
darkon,0
jaala,0
sotai,0
peruda,0
sophereth,0
neziah,0
hatipha,0
tamah,0
barko,0
harsha,0
mehida,0
bazluth,0
besai,0
paseah,0
gazzam,0
nekoda,0
giddel,0
gahar,0
shalmai,0
hagab,0
hagabah,0
lebanah,0
siaha,0
padon,0
kero,0
hasupha,0
ziha,0
tabbaoth,0
hatita,0
shobai,0
kadmiel,0
pashhur,0
senaah,0
hadid,0
magbish,0
michma,0
netophah,0
hashum,0
jorah,0
bezai,0
ater,0
adin,0
adonikam,0
bebai,0
zaccai,0
parosh,0
bigvai,0
bilshan,0
reelaiah,0
rehum,0
mordecai,0
nehemiah,0
mispar,0
mithredath,0
sheshbazzar,0
cyru,0
persia,0
remedi,0
depos,0
carchemish,0
conaniah,0
hasrah,0
tokhath,0
foremen,0
joahaz,0
outlet,0
shamefac,0
shecaniah,0
jeshua,0
miniamin,0
azaziah,0
ismachiah,0
cononiah,0
runner,0
debri,0
jeer,0
singl,0
declin,0
moral,0
gimzo,0
extens,0
ophel,0
jerushah,0
invent,0
soil,0
buttress,0
shimrith,0
shimeath,0
reinforc,0
elishaphat,0
jehoshabeath,0
downfal,0
intestin,0
azaryahu,0
dodavah,0
shilhi,0
realm,0
ziz,0
jeruel,0
hazazon,0
sunset,0
divert,0
imla,0
amasiah,0
arabian,0
tobadonijah,0
tobijah,0
ingredi,0
maladi,0
huge,0
turmoil,0
ode,0
enclosur,0
zephathah,0
annal,0
jeshanah,0
ephrain,0
sukkiim,0
lubim,0
shamariah,0
zaham,0
eliah,0
adoraim,0
walkway,0
algum,0
storag,0
platform,0
purest,0
zeredah,0
decor,0
parvaim,0
crimson,0
daric,0
slab,0
hachmoni,0
meronothit,0
obil,0
adlai,0
sharonit,0
shitrai,0
gederit,0
shiphmit,0
ramathit,0
ezri,0
jehonathan,0
jaasiel,0
heldai,0
ammizabad,0
dodai,0
zabdiel,0
jashobeam,0
militari,0
capabl,0
jerijah,0
parbar,0
shallecheth,0
shelemiah,0
tebaliah,0
semachiah,0
rephael,0
othni,0
peulthai,0
jehozabad,0
jehohanan,0
eliehoenai,0
jathniel,0
azarel,0
jesharelah,0
jizri,0
student,0
bukkiah,0
mahazioth,0
eliathah,0
hothir,0
romamti,0
mallothi,0
giddalti,0
joshbekashah,0
zeri,0
asharelah,0
ibri,0
shoham,0
beno,0
jaaziah,0
shelomoth,0
isshiah,0
jehdeiah,0
shubael,0
maaziah,0
gamul,0
pethahiah,0
jehezekel,0
hezir,0
happizzez,0
bilgah,0
sixteenth,0
jeshebeab,0
huppah,0
mijamin,0
harim,0
seorim,0
schedul,0
jesshiah,0
michah,0
jeriah,0
jekameam,0
rehabiah,0
shebuel,0
zizah,0
zina,0
haziel,0
zetham,0
inexperienc,0
ornan,0
sippai,0
shophach,0
shavsha,0
tou,0
chun,0
tibhath,0
evermor,0
commemor,0
jehiah,0
shebaniah,0
chenaniah,0
shemiramoth,0
maaseiah,0
jehiel,0
elipheleh,0
unni,0
mikneiah,0
jaaziel,0
resound,0
elishua,0
elpelet,0
ibhar,0
shihor,0
format,0
stoutheart,0
aaronit,0
adnah,0
endang,0
machbanai,0
elzabad,0
mishmannah,0
eluzai,0
bealiah,0
haruphit,0
shemariah,0
jahaziel,0
jozabad,0
gederathit,0
ishmaiah,0
gibeathit,0
berachah,0
jeziel,0
shemaah,0
tizit,0
ashterathit,0
shama,0
aroerit,0
uzzia,0
joshaphat,0
mithnit,0
berothit,0
hagri,0
mibhar,0
ezbai,0
hezro,0
naarai,0
mecherathit,0
pelonit,0
sacar,0
eliph,0
shageh,0
gizonit,0
hashem,0
arbathit,0
hurai,0
ithai,0
ilai,0
sibbechai,0
pasdammim,0
tahrea,0
merib,0
shimeam,0
employ,0
mattithiah,0
meshelemiah,0
kore,0
talmon,0
jeduthun,0
bakbakkar,0
galal,0
heresh,0
hasshub,0
meshillemith,0
pashur,0
immer,0
maasai,0
jahzerah,0
jehoiarib,0
ibnijah,0
michri,0
ibneiah,0
hassenuah,0
sallu,0
jeuel,0
uthai,0
imri,0
nethinim,0
inscrib,0
eshek,0
sheariah,0
bocheru,0
raphah,0
azel,0
binea,0
azmaveth,0
jehoaddah,0
pithon,0
tarea,0
melech,0
esh,0
mikloth,0
alongsid,0
zecher,0
jaareshiah,0
shamsherai,0
shehariah,0
iphdeiah,0
antothijah,0
ishpan,0
beraiah,0
shimrath,0
elienai,0
zillethai,0
jakim,0
jizliah,0
ishmerai,0
hizki,0
ispah,0
joha,0
zebadiah,0
shashak,0
jeremoth,0
misham,0
sheme,0
lod,0
ono,0
abitub,0
elpaal,0
mirmah,0
sachiah,0
jeuz,0
zibia,0
hodesh,0
malcam,0
baara,0
shaharaim,0
shephuphan,0
ahoah,0
abihud,0
nohah,0
rapha,0
aharah,0
rizia,0
arah,0
ulla,0
haniel,0
ara,0
pispah,0
shilshah,0
beera,0
shamma,0
jithran,0
hod,0
beri,0
imrah,0
harneph,0
suah,0
helem,0
shelesh,0
amal,0
imna,0
zophah,0
rohgah,0
jehubbah,0
bimhal,0
ashvath,0
pasach,0
hotham,0
japhlet,0
shomer,0
birzaith,0
ishvi,0
ishvah,0
imnah,0
ayyah,0
naaran,0
laadan,0
resheph,0
telah,0
rephah,0
sheerah,0
uzzen,0
elead,0
eladah,0
aniam,0
likhi,0
ahian,0
hammoleketh,0
ishhod,0
peresh,0
sheresh,0
ulam,0
rakem,0
jahziel,0
shuppim,0
aher,0
ahishahar,0
zethan,0
tharshish,0
zemirah,0
jerimoth,0
iri,0
jediael,0
jeriel,0
jahmai,0
jibsam,0
jahzah,0
mashal,0
anem,0
jokmeam,0
alemeth,0
hilen,0
amzi,0
shamer,0
hashabiah,0
malluch,0
abdi,0
kishi,0
ethni,0
baaseiah,0
malchijah,0
berachiah,0
mahath,0
toah,0
haggiah,0
zophai,0
ahimoth,0
amasai,0
uriel,0
ebiasaph,0
jeatherai,0
zimmah,0
jehozadak,0
amariah,0
zerahiah,0
meraioth,0
uzzi,0
abishua,0
hara,0
azriel,0
eliel,0
jahdiel,0
nodab,0
sharon,0
abdiel,0
ahi,0
jahdo,0
jaroah,0
jeshishai,0
huri,0
jorai,0
zia,0
jachan,0
hagrit,0
azaz,0
jeiel,0
beerah,0
meunit,0
hamit,0
shiphi,0
shimri,0
ziza,0
jedaiah,0
jeshohaiah,0
jesimiel,0
adiel,0
jaakobah,0
asiel,0
joshibiah,0
meshobab,0
jamlech,0
joshah,0
biri,0
susim,0
tolad,0
hamuel,0
zacchur,0
netaim,0
potter,0.0
lecah,0
laadah,0
ashbea,0
zoheth,0
tilon,0
shimon,0
rinnah,0
naham,0
garmit,0
hodiah,0
jehudijah,0
bithiah,0
jere,0
jekuthiel,0
ishbah,0
jalon,0
ezrah,0
tiria,0
jehallelel,0
ziphah,0
asarel,0
iru,0
naam,0
meonothai,0
harashim,0
ge,0
hathath,0
chelub,0
eshton,0
shuhah,0
mehir,0
ethnan,0
haahashtari,0
ahuzzam,0
temeni,0
helah,0
gedor,0
hushah,0
hazelelponi,0
idbash,0
ishma,0
ahumai,0
lahad,0
reaiah,0
jahath,0
delaiah,0
anani,0
pelaiah,0
hodaviah,0
eliashib,0
akkub,0
azrikam,0
elioenai,0
bariah,0
neariah,0
hattush,0
shechaniah,0
pelatiah,0
rephaiah,0
jeshaiah,0
arnan,0
jushab,0
ohel,0
hasadiah,0
hashubah,0
hananiah,0
shenazzar,0
nedabiah,0
jecamiah,0
malchiram,0
hoshama,0
nogah,0
bathshua,0
eglah,0
ithream,0
shimeathit,0
suchathit,0
tirathit,0
jabez,0
manahethit,0
zorit,0
puthit,0
eshtaolit,0
zorathit,0
shumathit,0
mishrait,0
haroeh,0
manuhoth,0
gader,0
hareph,0
machbenah,0
gibea,0
sheber,0
tirhanah,0
shaaph,0
geshan,0
regem,0
jahdai,0
gazez,0
moza,0
raham,0
jorkoam,0
jekamiah,0
sismai,0
eleasah,0
ephlal,0
zabad,0
attai,0
jarha,0
zaza,0
peleth,0
ahlai,0
ishi,0
sheshan,0
appaim,0
sele,0
ahban,0
molid,0
jada,0
shammai,0
abishur,0
jerahmeel,0
atarah,0
ephrathah,0
ashhur,0
jesher,0
ardon,0
azubah,0
jerioth,0
ozem,0
raddai,0
salma,0
achar,0
canaanitess,0
aliah,0
jetheth,0
pai,0
hamran,0
alian,0
shephi,0
abida,0
almodad,0
sheleph,0
jerah,0
hazarmaveth,0
sabta,0
sabtecha,0
raama,0
rodanim,0
tarshishah,0
diphath,0
merodach,0
tanhumeth,0
johanan,0
careah,0
jaazaniah,0
nethaniah,0
gedaliah,0
zephaniah,0
spoon,0
defector,0
nineteenth,0
nebuzaradan,0
mattaniah,0
poorest,0
smith,0
elnathan,0
nehushta,0
jehoiachin,0
nebuchadnezzar,0
rumah,0
pedaiah,0
zebudah,0
jehoiakim,0
necho,0
hamut,0
graveston,0
pulver,0
topheth,0
constel,0
idolatr,0
huldah,0
tikvah,0
harha,0
ahikam,0
michaiah,0
asaiah,0
overse,0
meshullam,0
shaphan,0
azaliah,0
jedidah,0
adaiah,0
jotbah,0
haruz,0
meshullemeth,0
uzza,0
upsid,0
plummet,0
hephzibah,0
tunnel,0
accumul,0
armori,0
baladan,0
berodach,0
sundial,0
sharez,0
nisroch,0
esarhaddon,0
assyrian,0
downward,0
sennacherib,0
rezeph,0
telassar,0
tirhakah,0
amoz,0
asaph,0
hena,0
ivah,0
arpad,0
hilkiah,0
joah,0
shebna,0
arama,0
repel,0
rabshakeh,0
rabsari,0
fuller,0
aqueduct,0
tartan,0
nehushtan,0
abi,0
nibhaz,0
sepharvit,0
anammelech,0
adrammelech,0
tartak,0
benoth,0
ashima,0
cuth,0
nergal,0
ava,0
sepharvaim,0
cuthah,0
stiffen,0
watchtow,0
halah,0
gozan,0
habor,0
vassal,0
shalmanes,0
pavilion,0
urijah,0
rezin,0
jerusha,0
janoah,0
tiglath,0
piles,0
arieh,0
remaliah,0
pekah,0
pekahiah,0
exact,0
wealthi,0
pul,0
gadi,0
menahem,0
shallum,0
jecholiah,0
amittai,0
hostag,0
jehoaddan,0
recaptur,0
amaziah,0
silla,0
mason,0
stonecutt,0
apport,0
lid,0
dilapid,0
constitu,0
assess,0
zibiah,0
jehoash,0
mattan,0
clap,0
rang,0
conting,0
sur,0
jehosheba,0
jehoahaz,0
dump,0
vestment,0
wardrob,0
jehonadab,0
eke,0
spatter,0
paint,0
haggan,0
gur,0
tract,0
bidkar,0
furious,0
horseman,0
athaliah,0
zair,0
revolt,0
gross,0
rip,0
stare,0
kab,0
citadel,0
abanah,0
pharpar,0
newli,0
gourd,0
slice,0
sneez,0
slacken,0
gehazi,0
chair,0
eldest,0
kir,0
slinger,0
haraseth,0
intact,0
roundabout,0
sheepbreed,0
regularli,0
persist,0
eighteenth,0
maul,0
zebub,0
jehoram,0
wreck,0
ahaziah,0
prop,0
random,0
driver,0
zedekiah,0
chenaanah,0
micaiah,0
imlah,0
naboth,0
jezreelit,0
sullen,0
patrol,0
loveliest,0
hazael,0
nimshi,0
broom,0
trench,0
lanc,0
awaken,0
falter,0
troubler,0
explor,0
massacr,0
obadiah,0
tragedi,0
bin,0
cherith,0
tishbit,0
hiel,0
segub,0
trivial,0
ethbaal,0
ahab,0
shemer,0
ginath,0
tibni,0
treason,0
omri,0
arza,0
jehu,0
hanani,0
ijon,0
baasha,0
obscen,0
granddaught,0
abishalom,0
ammonitess,0
abijam,0
guardroom,0
chronicl,0
glaze,0
jar,0
extermin,0
disobey,0
instal,0
shemaiah,0
warrior,0
lighter,0
thicker,0
shishak,0
milcom,0
shilonit,0
industri,0
zeruah,0
jeroboam,0
zereda,0
nebat,0
eliadah,0
rezon,0
genubath,0
tahpen,0
princess,0
intermarri,0
agent,0
export,0
import,0
current,0
keveh,0
rate,0
ape,0
monkey,0
armrest,0
incom,0
singer,0
almug,0
quantiti,0
entryway,0
waiter,0
cupbear,0
retinu,0
cavalri,0
tadmor,0
ethanim,0
ladl,0
hing,0
burnish,0
southeast,0
flang,0
hub,0
diamet,0
axl,0
plait,0
pedest,0
brim,0
convex,0
wreath,0
chainwork,0
circumfer,0
huram,0
eav,0
portico,0
rectangular,0
tier,0
bul,0
evenli,0
appli,0
compris,0
ceil,0
panel,0
chisel,0
ledg,0
bevel,0
vestibul,0
eightieth,0
ziv,0
supervis,0
quarri,0
shift,0
float,0
raft,0
cypress,0
hiram,0
foe,0
mahol,0
chalcol,0
heman,0
ezrahit,0
darda,0
ethan,0
tiphsah,0
roebuck,0
fowl,0
kor,0
aloth,0
ahinadab,0
iddo,0
taphath,0
arubboth,0
hese,0
deker,0
makaz,0
ahishar,0
adoniram,0
abda,0
zabud,0
elihoreph,0
shisha,0
azariah,0
treati,0
maachah,0
firmli,0
period,0
peacetim,0
homag,0
zoheleth,0
rei,0
shunammit,0
abishag,0
araunah,0
jaan,0
tahtim,0
hodshi,0
gareb,0
ithrit,0
naharai,0
zelek,0
bani,0
paarai,0
arbit,0
hezrai,0
ahasbai,0
ahiam,0
sharar,0
shaalbonit,0
jashen,0
eliahba,0
hiddai,0
ribai,0
heleb,0
maharai,0
netophathit,0
anathothit,0
hushathit,0
mebunnai,0
paltit,0
tekoit,0
helez,0
ikkesh,0
elika,0
harodit,0
wrest,0
spectacular,0
snowi,0
hero,0
hararit,0
ahohit,0
psalmist,0
bend,0
channel,0
vanquish,0
canopi,0
flew,0
fortress,0
shimea,0
elhanan,0
oregim,0
jaar,0
gob,0
ishbi,0
benob,0
armoni,0
gibeonit,0
jairit,0
ira,0
sheva,0
revenu,0
adoram,0
guidanc,0
seclus,0
bichri,0
fiercer,0
chimham,0
slander,0.0
ferryboat,0
escort,0
gatekeep,0
rapidli,0
watchman,0
cushit,0
bean,0
rogelim,0
barzillai,0
shobi,0
jithra,0
amasa,0
rogu,0
bloodthirsti,0
hushai,0
barefoot,0
ittai,0
exil,0
ahithophel,0
gilonit,0
deputi,0
banish,0
ember,0
extinguish,0
mourner,0
tekoa,0
hillsid,0
jonadab,0
shimeah,0
mule,0
bolt,0
thinner,0
improp,0
saw,0
jedidiah,0
wayfar,0
jerubbesheth,0
hottest,0
retreat,0
eliam,0
bathsheba,0
shobach,0
helam,0
repuls,0
ish,0
zoba,0
buttock,0
hanun,0
micha,0
grandfath,0
debar,0
ziba,0
jehoiada,0
benaiah,0
pelethit,0
seraiah,0
ahilud,0
toi,0
berothai,0
betah,0
hadadez,0
undignifi,0
shamelessli,0
whirl,0
outbreak,0
nachon,0
fir,0
sistrum,0
ahio,0
uzzah,0
perazim,0
breakthrough,0
eliphelet,0
eliada,0
shobab,0
rechab,0
baanah,0
mephibosheth,0
beerothit,0
gittaim,0
stab,0
sirah,0
bahurim,0
loyalti,0
aiah,0
rizpah,0
adonijah,0
haggith,0
abit,0
shephatiah,0
chileab,0
absalom,0
maacah,0
geshur,0
amnon,0
bithron,0
giah,0
ammah,0
blunt,0
asahel,0
fleet,0
grasp,0
ashurit,0
ishbosheth,0
swifter,0
shan,0
hit,0
malchishua,0
rove,0
rachal,0
siphmoth,0
cherethit,0
invas,0
besor,0
carmelit,0
review,0
mantl,0
eaanc,0
disguis,0
gilboa,0
jerahmeelit,0
carmelitess,0
jezreelitess,0
maoch,0
partridg,0
zeruiah,0
joab,0
abishai,0
palti,0
gallim,0
pocket,0
scoundrel,0
seah,0
dress,0
abigail,0
nabal,0
flea,0
recess,0
invad,0
lurk,0
hideout,0
jeshimon,0
hachilah,0
ziphit,0
expedit,0
halt,0
wore,0
bid,0
discov,0
hereth,0
madmen,0
madman,0
insan,0
scratch,0
achish,0
doeg,0
nob,0
ahimelech,0
target,0
ezel,0
sechu,0
naioth,0
michal,0
adriel,0
meholathit,0
merab,0
pin,0
shaaraim,0
slung,0
disdain,0
pouch,0
paw,0
exempt,0
chees,0
occasion,0
ephrathit,0
defi,0
spearhead,0
bearer,0
goliath,0
champion,0
dammim,0
eph,0
ruddi,0
bethlehemit,0
hack,0
cautious,0
swoop,0
mission,0
bleat,0
fatl,0
telaim,0
ner,0
ahinoam,0
ahimaaz,0
abner,0
zobah,0
sovereignti,0
brighten,0
drip,0
watchmen,0
acr,0
seneh,0
bozez,0
ahitub,0
ahijah,0
migron,0
pim,0
axe,0
sharpen,0
plowshar,0
mattock,0
blacksmith,0
zeboim,0
raider,0
michmash,0
bedan,0
grayhead,0
nahash,0
valiant,0
royalti,0
matri,0
tambourin,0
string,0
zelzah,0
awhil,0
seer,0
shaalim,0
shalisha,0
handsom,0
zeror,0
aphiah,0
bechorath,0
abiel,0
finest,0
shen,0
car,0
suckl,0
abinadab,0
hitch,0
rat,0
stricken,0
ravag,0
torso,0
ichabod,0
dirt,0
ebenez,0
tingl,0
rare,0
widespread,0
priestli,0
loan,0
kettl,0
caldron,0
fleshhook,0
prong,0
action,0
arrog,0
smile,0
wean,0
hophni,0
hannah,0
peninnah,0
ramathaim,0
elihu,0
zuph,0
jeroham,0
tohu,0
famou,0
shawl,0
closer,0
virtuou,0
startl,0
mealtim,0
moabitess,0
mara,0
excit,0
clung,0
mahlon,0
surviv,0
chilion,0
orpah,0
elimelech,0
naomi,0
lebonah,0
jabesh,0
panick,0
column,0
reli,0
sling,0
outrag,0
ravish,0
threshold,0
fodder,0
afternoon,0
remot,0
jonathan,0
rebuilt,0
hesit,0
laish,0
danit,0
suit,0
micah,0
brace,0
station,0
fetter,0
grinder,0
lull,0
shaven,0
pester,0
vex,0
batten,0
tightli,0
wove,0
loom,0
web,0
strand,0
bowstr,0
delilah,0
sorek,0
gatepost,0
ramath,0
jawbon,0
lehi,0
etam,0
timnit,0
shock,0
solv,0
sweeter,0
last,0
eater,0
riddl,0
pose,0
mahaneh,0
wondrou,0
detain,0
manoah,0
pirathon,0
hillel,0
pirathonit,0
ibzan,0
ephraimit,0
zaphon,0
minnith,0
keramim,0
tob,0
raid,0
maonit,0
camon,0
dodo,0
armorbear,0
thebez,0
zalmon,0
arumah,0
zebul,0
trod,0
ebe,0
gaal,0
ill,0
millo,0
reckless,0
berith,0
crescent,0
pendant,0
jether,0
resembl,0
interrog,0
karkor,0
zalmunna,0
zebah,0
exhaust,0
comparison,0
zeeb,0
oreb,0
barah,0
tabbath,0
meholah,0
zererah,0
tumbl,0
collaps,0
outpost,0
purah,0
retain,0.0
lap,0
harod,0
squeez,0
wrung,0
jerubba,0
broth,0
weakest,0
abiezrit,0
joash,0
impoverish,0
embroideri,0
looter,0
embroid,0
wisest,0
lattic,0
clatter,0
workmen,0
cream,0
lordli,0
meroz,0
gallop,0
steed,0
torrent,0
cours,0
battlefield,0
jeopard,0
inlet,0
byway,0
shamgar,0
softli,0
jug,0
blanket,0
jael,0
hobab,0
zaanaim,0
kishon,0
deploy,0
abinoam,0
lapidoth,0
sisera,0
hagoyim,0
harosheth,0
stout,0
seirah,0
embarrass,0
surpris,0
hilt,0
upstair,0
dagger,0
ehud,0
benjamit,0
cushan,0
rishathaim,0
asherah,0
revert,0
despoil,0
ashtoreth,0
bochim,0
sela,0
shaalbim,0
here,0
anath,0
asherit,0
helbah,0
ahlab,0
acco,0
aphik,0
kitron,0
nahalol,0
ashkelon,0
zephath,0
scrap,0
bezek,0
outliv,0
gaash,0
oak,0
replica,0
frontier,0
impress,0
mephaath,0
dimnah,0
kartah,0
kartan,0
hammoth,0
mishal,0
abdon,0
daberath,0
eshterah,0
tanach,0
kibzaim,0
anathoth,0
geba,0
eshtemoa,0
slayer,0
timnath,0
leshem,0
jarkon,0
rakkon,0
jehud,0
berak,0
eltekeh,0
gibbethon,0
shaalabbin,0
jethlah,0
adamah,0
hammath,0
rakkath,0
zer,0
ziddim,0
hukkok,0
aznoth,0
adami,0
nekeb,0
lakkum,0
heleph,0
zaanannim,0
ummah,0
hosah,0
ebron,0
hammon,0
bypass,0
neiel,0
cabul,0
beten,0
hali,0
helkath,0
tabor,0
shahazimah,0
remeth,0
pazzez,0
haddah,0
abez,0
kishion,0
rabbith,0
shion,0
haphraim,0
anaharath,0
chesulloth,0
shunem,0
nahal,0
idalah,0
kattath,0
jiphthah,0
hannathon,0
neah,0
eth,0
kazin,0
dabbasheth,0
maralah,0
baalath,0
sharuhen,0
lebaoth,0
susah,0
marcaboth,0
bethul,0
balah,0
jebu,0
zelah,0
gibeath,0
eleph,0
irpeel,0
taralah,0
chephirah,0
mozah,0
ramah,0
beeroth,0
chephar,0
gaba,0
ophni,0
haammoni,0
parah,0
ophrah,0
zemaraim,0
keziz,0
emek,0
geliloth,0
survey,0
shean,0
ibleam,0
hilli,0
abiez,0
shemida,0
kanah,0
naarah,0
janohah,0
taanath,0
michmethath,0
archit,0
nibshan,0
gedi,0
secacah,0
middin,0
maarath,0
eltekon,0
anoth,0
gibeah,0
jezreel,0
jokdeam,0
juttah,0
maon,0
zior,0
humtah,0
aphekah,0
janum,0
eshean,0
holon,0
giloh,0
eshtemoh,0
sannah,0
dannah,0
sochoh,0
jattir,0
shamir,0
achzib,0
keilah,0
mareshah,0
ether,0
ashan,0
naamah,0
dagon,0
gederoth,0
kithlish,0
cabbon,0
lahma,0
bozkath,0
joktheel,0
dilean,0
hadashah,0
migdal,0
zenan,0
adithaim,0
gederothaim,0
sharaim,0
gederah,0
socoh,0
gannim,0
zanoah,0
enam,0
ashnah,0
eshtaol,0
zorah,0
ziklag,0
sansannah,0
madmannah,0
chesil,0
eltolad,0
ezem,0
bizjothjah,0
shual,0
heshmon,0
pelet,0
gaddah,0
moladah,0
amam,0
shema,0
kerioth,0
hadattah,0
ziph,0
telem,0
bealoth,0
ithnan,0
dimonah,0
adadah,0
kinah,0
jagur,0
kabzeel,0
othniel,0
achsah,0
sepher,0
coastlin,0
jabneel,0
shicron,0
chesalon,0
baalah,0
jearim,0
nephtoah,0
hinnom,0
rogel,0
shemesh,0
en,0
adummim,0
bohan,0
adar,0
karkaa,0
extrem,0
area,0
shahar,0
sibmah,0
zereth,0
gebalit,0
mearah,0
ekronit,0
sihor,0
gazit,0
ashkelonit,0
ekron,0
avit,0
ashdodit,0
gittit,0
carmel,0
jokneam,0
kedesh,0
megiddo,0
taanach,0
meron,0
aphek,0
lasharon,0
tappuah,0
adullam,0
geder,0
jeshimoth,0
ashdod,0
gath,0
anab,0
halak,0
mound,0
misrephoth,0
hamstr,0
merom,0
dor,0
chinneroth,0
jabin,0
achshaph,0
madon,0
hazor,0
gezer,0
horam,0
reveng,0
jasher,0
aijalon,0
horon,0
makkedah,0
azekah,0
rout,0
lachish,0
debir,0
piram,0
hoham,0
eglon,0
japhia,0
jarmuth,0
adoni,0
zedek,0
carrier,0
woodcutt,0
moldi,0
craftili,0
gibeon,0
lowland,0
muster,0
achor,0
clan,0
stuff,0
shebarim,0
aven,0
zabdi,0
achan,0
parch,0
knive,0
flint,0
gilgal,0
zaretan,0
upstream,0
pursuer,0
token,0
vigor,0
whet,0
glitter,0
venom,0
cobra,0
surrend,0
misunderstand,0
spurn,0
provoc,0
unmind,0
scorn,0
jeshurun,0
obes,0
curd,0
appl,0
ascrib,0
advers,0
worn,0
extraordinari,0
placenta,0
sensit,0
strait,0
desper,0
elderli,0
byword,0
noonday,0
tumor,0
troublesom,0
inflamm,0
mildew,0
consumpt,0
do,0
lime,0
straggler,0
tire,0
lengthen,0
genit,0
voluntarili,0
lent,0
ritual,0
occurr,0
illegitim,0
emascul,0
countrysid,0
parapet,0
statu,0
bequeath,0
assault,0
siegework,0
sieg,0
wield,0
besieg,0
faintheart,0
verg,0
landmark,0
slip,0
swing,0
stroke,0
conjur,0
spiritist,0
spell,0
witchcraft,0
omen,0
fleec,0
overnight,0
needi,0
antelop,0
roe,0
displac,0
gazel,0
gerizim,0
gudgodah,0
moserah,0
stead,0
hew,0
displeasur,0
rebelli,0
flinti,0
scarciti,0
detest,0
unabl,0
terribl,0
sion,0
golan,0
manassit,0
bezer,0
ramoth,0
plateau,0
prolong,0
corruptli,0
lebanon,0
valor,0
arabah,0
maachathit,0
geshurit,0
gadit,0
bedstead,0
rabbah,0
salcah,0
senir,0
sidonian,0
sirion,0
hermon,0
rural,0
argob,0
ravin,0
obstin,0
kedemoth,0
caphtor,0
avim,0
ammonit,0
zamzummim,0
tall,0
elath,0
trudg,0
footstep,0
meddl,0
skirt,0
bee,0
taller,0
anakim,0
problem,0
edrei,0
ashtaroth,0
fortieth,0
tophel,0
dizahab,0
suph,0
hurl,0
accident,0
pedahel,0
shelomi,0
ahihud,0
paltiel,0
azzan,0
parnach,0
shiphtan,0
hanniel,0
jogli,0
bukki,0
elidad,0
chislon,0
shemuel,0
chinnereth,0
ain,0
riblah,0
shepham,0
ziphron,0
zedad,0
line,0
northern,0
western,0
ascent,0
addar,0
akrabbim,0
azmon,0
hazar,0
southern,0
irrit,0
demolish,0
jesimoth,0
almon,0
diblathaim,0
ijim,0
punon,0
zalmonah,0
ezion,0
geber,0
abronah,0
jotbathah,0
hagidgad,0
jaakan,0
bene,0
moseroth,0
hashmonah,0
mithkah,0
makheloth,0
tahath,0
haradah,0
shepher,0
kehelathah,0
rissah,0
libnah,0
rimmon,0
rithmah,0
alush,0
dophkah,0
nobah,0
kenath,0
jair,0
havoth,0
dispossess,0
shibmah,0
meon,0
kirjathaim,0
beth,0
shophan,0
jogbehah,0
atroth,0
aroer,0
og,0
bashan,0
eastern,0
kenizzit,0
barnea,0
nebo,0
elealeh,0
shebam,0
nimrah,0
ataroth,0
beon,0
armlet,0
miss,0
tribut,0
tin,0
intim,0
booti,0
zur,0
rekem,0
evi,0
reba,0
signal,0
recruit,0
rash,0
overrul,0
regular,0
inaugur,0
korathit,0
libnit,0
merarit,0
larger,0
jezerit,0
shillemit,0
malchielit,0
heberit,0
jimna,0
jimnit,0
beriit,0
jesui,0
jesuit,0
shuham,0
shuhamit,0
ardit,0
naamit,0
shupham,0
huphamit,0
shuphamit,0
hupham,0
belait,0
ashbelit,0
ahiramit,0
ahiram,0
eran,0
eranit,0
shuthelah,0
bachrit,0
tahanit,0
shuthalhit,0
tahan,0
tirzah,0
zelophehad,0
hepher,0
mahlah,0
hoglah,0
asriel,0
asrielit,0
shechemit,0
jeezer,0
helek,0
jeezerit,0
helekit,0
gileadit,0
machirit,0
zebulunit,0
jahleelit,0
sardit,0
elonit,0
jashubit,0
jashub,0
shimronit,0
tolait,0
punit,0
hamulit,0
parzit,0
shelanit,0
arodit,0
arelit,0
arod,0
ozni,0
oznit,0
erit,0
shunit,0
haggit,0
zephonit,0
zarhit,0
shaulit,0
nemuelit,0
jachinit,0
jaminit,0
nemuel,0
reubenit,0
hezronit,0
carmit,0
palluit,0
hanochit,0
cozbi,0
scheme,0
simeonit,0
zimri,0
salu,0
javelin,0
kain,0
firm,0
valiantli,0
agag,0
peor,0
lioness,0
revers,0
zophim,0
oracl,0.0
denounc,0
huzoth,0
flat,0
dispos,0
ridden,0
push,0
fee,0
pethor,0
zippor,0
survivor,0
jazer,0
dibon,0
medeba,0
nophah,0
chemosh,0
repair,0
heshbon,0
sihon,0
jahaz,0
pisgah,0
wasteland,0
bamoth,0
nahaliel,0
mattanah,0
stave,0
ar,0
slope,0
waheb,0
suphah,0
arnon,0
zere,0
abarim,0
ije,0
sunris,0
oboth,0
bitten,0
worthless,0
atharim,0
arad,0
hor,0
directli,0
bud,0
rid,0
incid,0
blaze,0
fate,0
abiram,0
dathan,0
inclin,0
tassel,0
unintend,0
hormah,0
mountaintop,0
presum,0
brunt,0
infidel,0
entir,0
disinherit,0
victim,0
amalekit,0
fortifi,0
talmai,0
zoan,0
sheshai,0
anak,0
ahiman,0
zin,0
hamath,0
rehob,0
nahbi,0
vophsi,0
sethur,0
gemal,0
ammiel,0
gaddi,0
susi,0
gaddiel,0
sodi,0
hoshea,0
igal,0
jephunneh,0
caleb,0
shaphat,0
shammua,0
zaccur,0
hazeroth,0
hattaavah,0
kibroth,0
flutter,0
eldad,0
list,0
medad,0
wretched,0
pastri,0
crave,0
intens,0
taberah,0
outskirt,0
march,0
start,0
twentieth,0
movement,0
rite,0
ceremoni,0
ahiez,0
ammishaddai,0
razor,0
lock,0
raisin,0
juic,0
vinegar,0
nazirit,0
rot,0
assign,0
fork,0
shovel,0
implement,0
firepan,0
beam,0
insert,0
excess,0
zuriel,0
abihail,0
mushit,0
mahlit,0
elizaphan,0
uzzielit,0
amramit,0
kohathit,0
hebronit,0
izharit,0
relat,0
lael,0
gershonit,0
izehar,0
shimei,0
emblem,0
standard,0
repres,0
recit,0
ancestri,0
ahira,0
enan,0
eliasaph,0
deuel,0
ocran,0
pagiel,0
abidan,0
gideoni,0
pedahzur,0
ammihud,0
elishama,0
helon,0
eliab,0
zuar,0
nethanel,0
zurishaddai,0
shelumiel,0
shedeur,0
elizur,0
doom,0
ban,0
deduct,0
homer,0
valu,0
unfaith,0
lifeless,0
chase,0
rear,0
yearli,0
usuri,0
space,0
sale,0
perman,0
fewer,0
fiftieth,0
jubile,0
untend,0
fractur,0
dibri,0
shelomith,0
willow,0
ulcer,0
dwarf,0
hunchback,0
eczema,0
mar,0
limb,0
defect,0
nearest,0
volum,0
medium,0
familiar,0
prostitut,0
tattoo,0
soothsay,0
freedom,0
breed,0
talebear,0
injustic,0
glean,0
mate,0
molech,0
rival,0
kin,0
uninhabit,0
scapegoat,0
attir,0
indispos,0
semen,0
emiss,0
discharg,0
timber,0
scrape,0
plaster,0
ingrain,0
usual,0
afford,0
log,0
eyebrow,0
cedar,0
disappear,0
damag,0
greenish,0
woof,0
woolen,0
bare,0
mustach,0
bald,0
specif,0
standstil,0
scali,0
beard,0
scar,0
reddish,0
develop,0
scab,0
isol,0
deeper,0
customari,0
impur,0
crawl,0
cistern,0
stove,0
edibl,0
item,0
chameleon,0
monitor,0
gecko,0
lizard,0
mous,0
mole,0
cricket,0
grasshopp,0
four,0
insect,0
hoopo,0
stork,0
heron,0
bat,0
jackdaw,0
carrion,0
screech,0
owl,0
ostrich,0
hawk,0
gull,0
kite,0
falcon,0
buzzard,0
fin,0
hare,0
hyrax,0
cloven,0
chew,0
cud,0
hoov,0
befallen,0
intox,0
bewail,0
uncl,0
blend,0
rins,0
scour,0
wholli,0
hearth,0
safekeep,0
forbidden,0
valuat,0
prescrib,0
thoughtlessli,0
pronounc,0
unintent,0
backbon,0
flank,0
feather,0
wring,0
drain,0
onward,0
partit,0
plate,0
exquisit,0
enclos,0
bekah,0
inventori,0
midway,0
rim,0
capit,0
size,0
tapestri,0
freewil,0
spun,0
necklac,0
tenor,0
abib,0
wooden,0
cleft,0
nun,0
proclam,0
fashion,0
furnitur,0
ahisamach,0
aholiab,0
jewel,0
uri,0
bezalel,0
galbanum,0
onycha,0
stact,0
composit,0
compound,0
ointment,0
perfum,0
cassia,0
liquid,0
cane,0
qualiti,0
laver,0
gerah,0
hin,0
outsid,0
aton,0
heav,0
loaf,0
toe,0
thumb,0
big,0
offal,0
lobe,0
kidney,0
liver,0
fatti,0
trouser,0
hat,0
bell,0
pomegran,0
coat,0
mail,0
urim,0
thummim,0
underneath,0
agat,0
turquois,0
diamond,0
span,0
braid,0
engrav,0
intric,0
sash,0
turban,0
artisan,0
peg,0
hollow,0
grate,0
network,0
screen,0
weaver,0
overlaid,0
hook,0
tenon,0
outermost,0
forefront,0
coupl,0
clasp,0
selvedg,0
yarn,0
loop,0
artist,0
curtain,0
weav,0
utensil,0
tray,0
trimmer,0
blossom,0
knob,0
shaft,0
ornament,0
pan,0
holder,0
handbreadth,0
cherub,0
hammer,0
pole,0
overlay,0
mold,0
ephod,0
badger,0
acacia,0
dy,0
pave,0
clariti,0
numer,0
hornet,0
miscarriag,0
sacr,0
pardon,0
ingath,0
circumspect,0
grove,0
fallow,0
bribe,0
circul,0
moneylend,0
fatherless,0
sorceress,0
stack,0
graze,0
restitut,0
gore,0
prematur,0
acquit,0
fist,0
kidnap,0
treacheri,0
diminish,0
right,0
awl,0
tool,0
record,0
carv,0
louder,0
quak,0
proudli,0
banner,0
recount,0
steadi,0
hur,0
massah,0
meribah,0
rephidim,0
coriand,0
wafer,0
notwithstand,0
bred,0
omer,0
layer,0
quail,0
pot,0
elim,0
marah,0
miriam,0
philistia,0
congeal,0
overthrown,0
sank,0
glorious,0
wheel,0
bewild,0
zephon,0
pi,0
hahiroth,0
migdol,0
etham,0
frontlet,0
stubborn,0
dough,0
pick,0
convoc,0
raw,0
roast,0
doorpost,0
lintel,0
twilight,0
handmil,0
articl,0
hoof,0
spelt,0
dart,0
boil,0
thick,0
swarm,0
lice,0
interced,0
bedroom,0
territori,0
smite,0
stank,0
pond,0
bucket,0
stink,0
loath,0
enchant,0
putiel,0
phineha,0
elkanah,0
assir,0
abiasaph,0
korahit,0
nadab,0
elisheba,0
eleazar,0
ithamar,0
abihu,0
zithri,0
elzaphan,0
mishael,0
zichri,0
nepheg,0
jocheb,0
mushi,0
mahli,0
izhar,0
uzziel,0
amram,0
libni,0
shimi,0
heritag,0
outstretch,0
abhorr,0
reduc,0
task,0
quota,0
stubbl,0
spokesman,0
leprou,0
jethro,0
horeb,0
gershom,0
zipporah,0
maiden,0
bulrush,0
daub,0
birthstool,0
puah,0
midwiv,0
shiphrah,0
rigor,0
pithom,0
raams,0
taskmast,0
event,0
machir,0
atad,0
solemn,0
embalm,0
ancestor,0
bough,0
deer,0
dainti,0
tramp,0
rider,0
darker,0
whiter,0
shiloh,0
prey,0
whelp,0
rous,0
cruel,0
hamstrung,0
slew,0
cruelti,0
digniti,0
knowingli,0
fifth,0
ration,0
languish,0
situat,0
rames,0
pilgrimag,0
guni,0
jezer,0
shillem,0
jahzeel,0
hushim,0
ard,0
muppim,0
belah,0
gera,0
ehi,0
becher,0
huppim,0
rosh,0
ashbel,0
sixteen,0
heber,0
serah,0
ishuah,0
isui,0
jimnah,0
malchiel,0
beriah,0
ezbon,0
are,0
haggi,0
shuni,0
arodi,0
eri,0
ziphion,0
jahleel,0
sere,0
shimron,0
tola,0
puvah,0
hamul,0
kohath,0
merari,0
gershon,0
ohad,0
jamin,0
jemuel,0
shaul,0
jachin,0
pallu,0
carmi,0
cart,0
goshen,0
dismay,0
chamber,0
prostrat,0
noon,0
oversight,0
pistachio,0
almond,0
nut,0
pointedli,0
possibl,0
surprisingli,0
encamp,0
sack,0
verifi,0
youngest,0
honest,0
roughli,0
befal,0
calam,0
famish,0
immeasur,0
asenath,0
zaphnath,0
pherah,0
paaneah,0
poti,0
ride,0
select,0
repeat,0
deplet,0
meadow,0
magician,0
blight,0
thin,0
plump,0
stalk,0
gaunt,0
bank,0
ugli,0
forgot,0
butlership,0
uppermost,0
dungeon,0
butler,0
baker,0
breach,0
harlotri,0
roadsid,0
widowhood,0
signet,0
pledg,0
timnah,0
sheepshear,0
emit,0
chezib,0
onan,0
shua,0
adullamit,0
hirah,0
potiphar,0
trader,0
midianit,0
conceal,0
balm,0
ishmaelit,0
conspir,0
dothan,0
sheaf,0
upright,0
sheav,0
color,0
seventeen,0
magdiel,0
iram,0
mibzar,0
pinon,0
elah,0
mehetabel,0
pau,0
mezahab,0
matr,0
achbor,0
hanan,0
masrekah,0
samlah,0
hadad,0
avith,0
bedad,0
temanit,0
husham,0
bozrah,0
dinhabah,0
aran,0
bilhan,0
zaavan,0
akan,0
hemdan,0
cheran,0
eshban,0
ithran,0
ajah,0
alvan,0
shepho,0
onam,0
ebal,0
manahath,0
hemam,0
hori,0
dishan,0
dishon,0
ezer,0
horit,0
shobal,0
lotan,0
shammah,0
nahath,0
mizzah,0
amalek,0
timna,0
omar,0
teman,0
gatam,0
zepho,0
kenaz,0
eliphaz,0
reuel,0
edomit,0
jeush,0
jaalam,0
basemath,0
anah,0
aholibamah,0
elon,0
zibeon,0
eder,0
oni,0
midwif,0
ephrath,0
childbirth,0
bachuth,0
allon,0
deborah,0
obnoxi,0
dowri,0
disgrac,0
attract,0
violat,0
el,0
eloh,0
parcel,0
booth,0
succoth,0
pace,0
gracious,0
shrank,0
muscl,0
limp,0
penuel,0
peniel,0
hip,0
socket,0
jabbok,0
ford,0
cow,0
seir,0
mahanaim,0
mizpah,0
gale,0
jegar,0
sahadutha,0
frost,0
drought,0
miscarri,0
hotli,0
identifi,0
timbrel,0
overtook,0
gilead,0
shear,0
gray,0
feebler,0
streak,0
gutter,0
peel,0
stolen,0
brown,0
speckl,0
amount,0
experi,0
dinah,0
endow,0
mandrak,0
attach,0
bilhah,0
zilpah,0
delic,0
leah,0
rachel,0
shepherdess,0
luz,0
awesom,0
ladder,0
mahalath,0
addit,0
padan,0
take,0.0
bereav,0
furi,0
restless,0
sustain,0
supplant,0
dew,0
kid,0
choic,0
savori,0
hunt,0
quiver,0
dim,0
shebah,0
ahuzzath,0
sitnah,0
esek,0
endear,0
statut,0
lentil,0
edom,0
stew,0
cook,0
game,0
mild,0
skill,0
hairi,0
plea,0
settlement,0
naphish,0
tema,0
hadar,0
kedemah,0
jetur,0
massa,0
dumah,0
mishma,0
adbeel,0
kedar,0
mibsam,0
nebajoth,0
purchas,0.0
concubin,0
ephah,0
eldaah,0
abidah,0
hanoch,0
epher,0
letushim,0
asshurim,0
leummim,0
medan,0
ishbak,0
jokshan,0
zimran,0
shuah,0
keturah,0
dismount,0
rode,0
jewelri,0
errand,0
laban,0
bracelet,0
wrist,0
nose,0
trough,0
success,0
currenc,0
shekel,0
machpelah,0
properti,0
zohar,0
ephron,0
choicest,0
kirjath,0
arba,0
rebekah,0
chese,0
pildash,0
jidlaph,0
hazo,0
bethuel,0
kemuel,0
buz,0
huz,0
thicket,0
knife,0
yonder,0
saddl,0
split,0
moriah,0
tamarisk,0
beersheba,0
ewe,0
poster,0
phichol,0
paran,0
archer,0
hold,0.0
ail,0
bowshot,0
shrub,0
scof,0
view,0
integr,0
abimelech,0
ammi,0
ammon,0
ben,0
moabit,0
moab,0
overthrew,0
joke,0
wickedli,0
doorway,0
tonight,0
quarter,0
squar,0
butter,0
cake,0
knead,0
thirteen,0
beget,0
foreskin,0
lahai,0
roi,0
bere,0
beer,0
kadesh,0
ishmael,0
shur,0
harshli,0
mistress,0
maid,0
hittit,0
kenit,0
kenezzit,0
kadmonit,0
horror,0
vultur,0
shield,0
thread,0
defeat,0
hobah,0
dan,0
aner,0
eshcol,0
alli,0
remaind,0
rephaim,0
karnaim,0
shaveh,0
kiriathaim,0
emim,0
ashteroth,0
zuzim,0
thirteenth,0
siddim,0
salt,0.0
zoar,0
birsha,0
shemeb,0
bera,0
shinab,0
bela,0
chedorlaom,0
amraphel,0
tidal,0
arioch,0
ellasar,0
mamr,0
hebron,0
westward,0
southward,0
northward,0
herdsmen,0
perizzit,0
ai,0
bethel,0
terebinth,0
moreh,0
show,0.0
grandson,0
iscah,0
sarai,0
milcah,0
ur,0
abram,0
nineteen,0
withheld,0
brick,0
bake,0
mortar,0
asphalt,0
plain,0
mesha,0
sephar,0
joktan,0
jobab,0
ophir,0
abimael,0
obal,0
diklah,0
hadoram,0
uzal,0
salah,0
mash,0
uz,0
hul,0
gether,0
asshur,0
elam,0
aram,0
lud,0
gerar,0
zeboiim,0
lasha,0
admah,0
hamathit,0
arvadit,0
canaanit,0
zemarit,0
arkit,0
sinit,0
hivit,0
jebusit,0
girgashit,0
amorit,0
heth,0
casluhim,0
philistin,0
caphtorim,0
pathrusim,0
anamim,0
ludim,0
lehabim,0
naphtuhim,0
resen,0
rehoboth,0
ir,0
calah,0
erech,0
shinar,0
calneh,0
accad,0
babel,0
hunter,0
nimrod,0
sabtah,0
raamah,0
seba,0
sheba,0
sabtechah,0
havilah,0
dedan,0
mizraim,0
coastland,0
dodanim,0
tarshish,0
elishah,0
kittim,0
riphath,0
togarmah,0
ashkenaz,0
meshech,0
tira,0
tubal,0
gomer,0
javan,0
madai,0
backward,0
popul,0
perpetu,0
lifeblood,0
sooth,0
leaf,0
freshli,0
sole,0
ararat,0
subsid,0
surfac,0
seventeenth,0
hundredth,0
floodwat,0
deck,0
pitch,0
gopherwood,0
giant,0
renown,0
ham,0
japheth,0
methuselah,0
jare,0
mahalalel,0
jubal,0
jabal,0
zillah,0
adah,0
methushael,0
irad,0
mehujael,0
sevenfold,0
vagabond,0
fugit,0
respect,0.0
process,0
tiller,0
acquir,0
skin,0
concept,0
heel,0
rib,0
hiddekel,0
assyria,0
gihon,0
cush,0
bdellium,0
onyx,0
riverhead,0
pleasant,0
eden,0
eastward,0
nostril,0
histori,0
firmament,0
hover,0
