god,0.031
muhammad,0.029
believ,0.021
torment,0.02
messeng,0.017
revel,0.014
king,0.014
disbeliev,0.013
unbeliev,0.013
israel,0.013
quran,0.012
guidanc,0.012
forgiv,0.012
unjust,0.011
deed,0.011
son,0.011
creat,0.011
hell,0.009
truth,0.009
reward,0.009
peopl,0.009
man,0.009
reveal,0.008
evid,0.008
repli,0.007
suffer,0.007
book,0.007
guid,0.007
worship,0.007
hous,0.007
piou,0.006
exist,0.006
true,0.006
reject,0.006
human,0.006
equal,0.006
grant,0.006
follow,0.006
priest,0.006
jinn,0.005
disbelief,0.005
worldli,0.005
paradis,0.005
benefit,0.005
majest,0.005
david,0.005
susten,0.005
jerusalem,0.005
guardian,0.005
judgment,0.005
warn,0.005
merci,0.005
favor,0.005
men,0.005
citi,0.005
offer,0.005
put,0.005
benefic,0.004
belief,0.004
religion,0.004
know,0.004
awar,0.004
pagan,0.004
satan,0.004
group,0.004
terribl,0.004
protect,0.004
news,0.004
astray,0.004
miracl,0.004
fact,0.004
strive,0.004
mankind,0.004
punish,0.004
receiv,0.004
behold,0.004
hand,0.004
life,0.004
admit,0.003
unseen,0.003
muslim,0.003
univers,0.003
prevent,0.003
jesu,0.003
want,0.003
dweller,0.003
patienc,0.003
invent,0.003
steadfast,0.003
stori,0.003
sky,0.003
prayer,0.003
recompens,0.003
hardship,0.003
faith,0.003
recit,0.003
injustic,0.003
ignor,0.003
promis,0.003
holi,0.003
path,0.003
prostrat,0.003
belong,0.003
deliv,0.003
happi,0.003
town,0.003
whomev,0.003
egypt,0.003
spoke,0.003
hundr,0.003
told,0.003
father,0.003
knowledg,0.003
garden,0.003
lord,0.003
work,0.003
illustri,0.002
thamud,0.002
achiev,0.002
respit,0.002
inevit,0.002
retribut,0.002
mosqu,0.002
be,0.002
disregard,0.002
pieti,0.002
virtu,0.002
remind,0.002
doer,0.002
religi,0.002
unlaw,0.002
crimin,0.002
creation,0.002
resurrect,0.002
public,0.002
recal,0.002
decid,0.002
replac,0.002
liar,0.002
falsehood,0.002
argu,0.002
decre,0.002
result,0.002
singl,0.002
babylon,0.002
exercis,0.002
disobey,0.002
victori,0.002
virtuou,0.002
templ,0.002
expel,0.002
share,0.002
deserv,0.002
suffici,0.002
respons,0.002
repent,0.002
bounti,0.002
permiss,0.002
start,0.002
relat,0.002
enjoy,0.002
realiz,0.002
lost,0.002
pay,0.002
record,0.002
stream,0.002
doubt,0.002
saul,0.002
attract,0.002
idol,0.002
consid,0.002
experi,0.002
clear,0.002
properti,0.002
thousand,0.002
spend,0.002
deni,0.002
multitud,0.002
submit,0.002
wrong,0.002
word,0.002
support,0.002
depart,0.002
brethren,0.002
fear,0.002
burnt,0.002
altar,0.002
twenti,0.002
noah,0.002
daughter,0.002
mouth,0.002
accept,0.002
bread,0.002
pain,0.002
children,0.002
voic,0.002
heard,0.002
sure,0.002
gold,0.002
midst,0.002
evil,0.002
field,0.002
host,0.002
set,0.002
year,0.002
land,0.002
spirit,0.002
earth,0.002
ocean,0.001
germ,0.001
asund,0.001
ha,0.001
subservi,0.001
simpli,0.001
ungrat,0.001
warner,0.001
bewitch,0.001
ayb,0.001
shu,0.001
motionless,0.001
salih,0.001
hud,0.001
barrier,0.001
successor,0.001
consequ,0.001
absolut,0.001
challeng,0.001
bliss,0.001
reclin,0.001
protector,0.001
indec,0.001
misl,0.001
prohibit,0.001
realiti,0.001
superior,0.001
zachariah,0.001
lesson,0.001
vers,0.001
torah,0.001
mistak,0.001
expiat,0.001
chariti,0.001
fatigu,0.001
obstacl,0.001
dislik,0.001
hajj,0.001
domin,0.001
deviat,0.001
appreci,0.001
authorit,0.001
legaci,0.001
worshipp,0.001
mecca,0.001
munific,0.001
islam,0.001
address,0.001
ra,0.001
hostil,0.001
conjectur,0.001
legend,0.001
bibl,0.001
corn,0.001
zakat,0.001
ibli,0.001
chapter,0.001
lam,0.001
alif,0.001
mim,0.001
experienc,0.001
suprem,0.001
genuin,0.001
praiseworthi,0.001
trustworthi,0.001
properli,0.001
suppress,0.001
rent,0.001
distinct,0.001
christian,0.001
threaten,0.001
proof,0.001
mislead,0.001
statement,0.001
church,0.001
will,0.001
parent,0.001
mari,0.001
whichev,0.001
payment,0.001
magic,0.001
worst,0.001
orphan,0.001
encompass,0.001
preach,0.001
intercessor,0.001
inspir,0.001
unjustli,0.001
discipl,0.001
spous,0.001
stern,0.001
despair,0.001
forbear,0.001
friendship,0.001
abandon,0.001
vast,0.001
devoid,0.001
destitut,0.001
submiss,0.001
transgressor,0.001
patient,0.001
reliev,0.001
destin,0.001
hypocrit,0.001
origin,0.001
easi,0.001
mere,0.001
control,0.001
persist,0.001
question,0.001
maintain,0.001
period,0.001
prove,0.001
affair,0.001
error,0.001
insan,0.001
regret,0.001
closer,0.001
posit,0.001
pair,0.001
proper,0.001
travel,0.001
privat,0.001
sincer,0.001
neglect,0.001
arab,0.001
greatest,0.001
reveng,0.001
ancient,0.001
belov,0.001
saint,0.001
ascrib,0.001
humili,0.001
prefer,0.001
mortal,0.001
way,0.001
plan,0.001
ad,0.001
seduc,0.001
firm,0.001
prophesi,0.001
settl,0.001
doom,0.001
devot,0.001
reform,0.001
approach,0.001
tell,0.001
glorifi,0.001
unawar,0.001
common,0.001
mean,0.001
written,0.001
minist,0.001
court,0.001
sacr,0.001
produc,0.001
disput,0.001
condemn,0.001
claim,0.001
parti,0.001
loss,0.001
rejoic,0.001
sabbath,0.001
sanctuari,0.001
blast,0.001
drown,0.001
sing,0.001
neighbor,0.001
purpos,0.001
israelit,0.001
differ,0.001
interced,0.001
lip,0.001
aaron,0.001
glad,0.001
messag,0.001
flow,0.001
fight,0.001
wall,0.001
triumph,0.001
salvat,0.001
lion,0.001
redeem,0.001
hors,0.001
shepherd,0.001
glori,0.001
ruler,0.001
abomin,0.001
blame,0.001
explain,0.001
magician,0.001
mention,0.001
branch,0.001
home,0.001
mock,0.001
commit,0.001
author,0.001
shame,0.001
devour,0.001
cast,0.001
chief,0.001
benjamin,0.001
dowri,0.001
disgrac,0.001
sacrific,0.001
power,0.001
joy,0.001
gain,0.001
wealth,0.001
subject,0.001
reproach,0.001
pour,0.001
oil,0.001
assembl,0.001
anger,0.001
grain,0.001
feel,0.001
goat,0.001
harm,0.001
hate,0.001
charg,0.001
jacob,0.001
ask,0.001
flock,0.001
matter,0.001
obey,0.001
provid,0.001
wood,0.001
today,0.001
swear,0.001
sat,0.001
heal,0.001
pillar,0.001
inhabit,0.001
soul,0.001
act,0.001
reason,0.001
lay,0.001
feast,0.001
rise,0.001
gate,0.001
answer,0.001
speak,0.001
wick,0.001
household,0.001
order,0.001
spoken,0.001
stood,0.001
fine,0.001
wash,0.001
sit,0.001
person,0.001
flee,0.001
angel,0.001
burn,0.001
buri,0.001
stranger,0.001
captiv,0.001
arm,0.001
fled,0.001
serv,0.001
war,0.001
aris,0.001
number,0.001
silver,0.001
donkey,0.001
princ,0.001
pharaoh,0.001
sever,0.001
show,0.001
countri,0.001
build,0.001
elder,0.001
nation,0.001
laid,0.001
garment,0.001
wine,0.001
everlast,0.001
cut,0.001
demand,0.001
hill,0.001
broken,0.001
forti,0.001
fifti,0.001
cubit,0.001
look,0.001
griev,0.001
mighti,0.001
ten,0.001
twelv,0.001
thirti,0.001
appoint,0.001
young,0.001
tent,0.001
born,0.001
built,0.001
find,0.001
happen,0.001
strength,0.001
open,0.001
blood,0.001
cri,0.001
rose,0.001
kill,0.001
door,0.001
fell,0.001
pass,0.001
sheep,0.001
bore,0.001
knew,0.001
turn,0.001
cloth,0.001
head,0.001
curs,0.001
walk,0.001
wise,0.001
leav,0.001
woman,0.001
fall,0.001
flesh,0.001
adam,0.001
helper,0.001
eat,0.001
stone,0.001
river,0.001
sight,0.001
till,0.001
caus,0.001
imag,0.001
beast,0.001
live,0.001
creatur,0.001
kind,0.001
place,0.001
gather,0.001
heaven,0.001
fibr,0.0
firewood,0.0
abu,0.0
lahab,0.0
quraish,0.0
pebbl,0.0
hutamah,0.0
advent,0.0
hawiya,0.0
hawiyah,0.0
card,0.0
unpreced,0.0
inviol,0.0
facilit,0.0
cooper,0.0
downtrodden,0.0
aqaba,0.0
unparallel,0.0
detent,0.0
indiscrimin,0.0
necessarili,0.0
eram,0.0
dhil,0.0
odd,0.0
carpet,0.0
reprob,0.0
eject,0.0
nightli,0.0
tariq,0.0
incumb,0.0
tasnim,0.0
musk,0.0
illiyin,0.0
comprehens,0.0
sijin,0.0
fraudul,0.0
reunit,0.0
engross,0.0
undergo,0.0
pear,0.0
despic,0.0
camphor,0.0
union,0.0
uncontrol,0.0
despond,0.0
eclips,0.0
scowl,0.0
frown,0.0
grey,0.0
decent,0.0
suwa,0.0
nasr,0.0
uq,0.0
yaghuth,0.0
wadd,0.0
evert,0.0
needlessli,0.0
pu,0.0
shortcom,0.0
yemen,0.0
morali,0.0
explod,0.0
divulg,0.0
absolv,0.0
strict,0.0
intoler,0.0
menstruat,0.0
menopaus,0.0
wwhoever,0.0
merriment,0.0
friday,0.0
ahmad,0.0
unbreak,0.0
concret,0.0
model,0.0
felic,0.0
immigr,0.0
kinsfolk,0.0
product,0.0
peninsula,0.0
method,0.0
monast,0.0
illus,0.0
heinou,0.0
undiminish,0.0
banana,0.0
thornless,0.0
shell,0.0
abas,0.0
cushion,0.0
mankind√Æwhich,0.0
forelock,0.0
floweri,0.0
molten,0.0
merg,0.0
potteri,0.0
husk,0.0
aromat,0.0
rotat,0.0
calamit,0.0
sandstorm,0.0
untruthful,0.0
unfortun,0.0
siriu,0.0
durabl,0.0
embryo,0.0
unfair,0.0
manat,0.0
lat,0.0
predict,0.0
unsin,0.0
invinc,0.0
brilliantli,0.0
clayi,0.0
amidst,0.0
particl,0.0
jugular,0.0
insight,0.0
entitl,0.0
particip,0.0
laggardli,0.0
miserli,0.0
niggardli,0.0
invalid,0.0
kinship,0.0
jihad,0.0
unpollut,0.0
encount,0.0
ahqaf,0.0
guesswork,0.0
tubba,0.0
yemenit,0.0
seizur,0.0
smother,0.0
dimwit,0.0
invok,0.0
amass,0.0
linguist,0.0
text,0.0
pleadingli,0.0
sideway,0.0
ayn,0.0
qaf,0.0
lengthi,0.0
disagre,0.0
punishemnt,0.0
propag,0.0
destructor,0.0
skeptic,0.0
disloyalti,0.0
blacken,0.0
knower,0.0
shrink,0.0
shiver,0.0
supremaci,0.0
dhulkifl,0.0
latest,0.0
ba,0.0
al,0.0
deepest,0.0
zaqqum,0.0
poetri,0.0
bridg,0.0
eventu,0.0
extinct,0.0
chin,0.0
enchain,0.0
plotter,0.0
indestruct,0.0
poss,0.0
plough,0.0
soften,0.0
disintegr,0.0
deput,0.0
signific,0.0
zayd,0.0
uncleanli,0.0
confeder,0.0
bedouin,0.0
defenseless,0.0
yathrib,0.0
tremend,0.0
zihar,0.0
insignific,0.0
extract,0.0
orbit,0.0
suffic,0.0
appar,0.0
subtl,0.0
luqman,0.0
ingratitud,0.0
happili,0.0
superfici,0.0
frailest,0.0
prophethood,0.0
bedeck,0.0
prestig,0.0
appraoch,0.0
bash,0.0
manhood,0.0
techniqu,0.0
worthier,0.0
rainstorm,0.0
blink,0.0
inspect,0.0
carelessli,0.0
soloman,0.0
warmyourselv,0.0
ador,0.0
closest,0.0
nervou,0.0
extravag,0.0
relationship,0.0
salti,0.0
campaign,0.0
stationari,0.0
fatal,0.0
settler,0.0
benevol,0.0
precis,0.0
mirag,0.0
metaphor,0.0
nich,0.0
immatur,0.0
aisha,0.0
instig,0.0
flog,0.0
lash,0.0
spontan,0.0
ownership,0.0
arrogantli,0.0
safest,0.0
relish,0.0
stage,0.0
impiou,0.0
triumphant,0.0
monasteri,0.0
neatli,0.0
clot,0.0
shapeless,0.0
amazedli,0.0
dhul,0.0
kifl,0.0
ismael,0.0
dive,0.0
biggest,0.0
effici,0.0
duli,0.0
fun,0.0
preoccupi,0.0
caller,0.0
artifici,0.0
samiri,0.0
earlier,0.0
winner,0.0
organ,0.0
contest,0.0
loveabl,0.0
lace,0.0
fluent,0.0
tuwa,0.0
unspoken,0.0
ta,0.0
enumer,0.0
cleav,0.0
meaningless,0.0
idri,0.0
woeful,0.0
trunk,0.0
unchast,0.0
kinsmen,0.0
ya,0.0
kaf,0.0
messengerss,0.0
chao,0.0
qarnayn,0.0
dhu,0.0
undamag,0.0
junction,0.0
deadlin,0.0
invest,0.0
sperm,0.0
exclaim,0.0
capac,0.0
fullest,0.0
brocad,0.0
scald,0.0
molt,0.0
keen,0.0
durat,0.0
viciou,0.0
flawless,0.0
seren,0.0
equival,0.0
obligatori,0.0
tahajjud,0.0
ampl,0.0
deafen,0.0
avers,0.0
satisfact,0.0
bankrupt,0.0
spender,0.0
upris,0.0
aqsa,0.0
miracul,0.0
sanction,0.0
verbal,0.0
transient,0.0
unnecessari,0.0
guarantor,0.0
aloft,0.0
hive,0.0
sugar,0.0
delici,0.0
arteri,0.0
vein,0.0
unexpect,0.0
steam,0.0
toppl,0.0
fluid,0.0
ultim,0.0
hijr,0.0
explos,0.0
rejoicingli,0.0
smokeless,0.0
mould,0.0
impregn,0.0
stealthili,0.0
stun,0.0
fright,0.0
fixedli,0.0
sip,0.0
unpleas,0.0
effac,0.0
proportion,0.0
alleg,0.0
whosoev,0.0
bondsman,0.0
truste,0.0
baggag,0.0
influenc,0.0
polit,0.0
suscept,0.0
ensu,0.0
dreamt,0.0
brew,0.0
gossip,0.0
womanli,0.0
guil,0.0
shirt,0.0
wisher,0.0
similarli,0.0
distant,0.0
ignomini,0.0
judi,0.0
abat,0.0
embark,0.0
speci,0.0
untold,0.0
obviou,0.0
merit,0.0
tyrant,0.0
fairli,0.0
breez,0.0
upset,0.0
specialist,0.0
prioriti,0.0
emigr,0.0
disown,0.0
medina,0.0
nobli,0.0
blameworthi,0.0
tabuk,0.0
unsuccess,0.0
effort,0.0
fund,0.0
madli,0.0
reluctantli,0.0
prior,0.0
sneak,0.0
motiv,0.0
hoard,0.0
monk,0.0
uncondit,0.0
hunayn,0.0
aggress,0.0
pact,0.0
asylum,0.0
strove,0.0
mobil,0.0
vulner,0.0
brink,0.0
caravan,0.0
theygiv,0.0
anothcr,0.0
togdher,0.0
patron,0.0
conquest,0.0
unarm,0.0
ceaselessli,0.0
gradual,0.0
heedless,0.0
climat,0.0
unlett,0.0
enjoin,0.0
educ,0.0
convent,0.0
grab,0.0
manufactur,0.0
shortag,0.0
sheer,0.0
onlook,0.0
defici,0.0
disastr,0.0
torrenti,0.0
remark,0.0
jolt,0.0
consider,0.0
exclus,0.0
evalu,0.0
siesta,0.0
predecessor,0.0
tenfold,0.0
explan,0.0
trellis,0.0
over,0.0
tighten,0.0
normal,0.0
devilish,0.0
unknowingli,0.0
depositori,0.0
system,0.0
learnt,0.0
investig,0.0
elia,0.0
disavow,0.0
azar,0.0
aimlessli,0.0
playth,0.0
lure,0.0
darkest,0.0
disabl,0.0
grievou,0.0
amus,0.0
therefrom,0.0
honesti,0.0
beneficiari,0.0
sa,0.0
wasilah,0.0
hami,0.0
bahirah,0.0
ibah,0.0
unmark,0.0
kabah,0.0
seafood,0.0
cautiou,0.0
typic,0.0
thoughtless,0.0
intensifi,0.0
handcuf,0.0
dignifi,0.0
abrog,0.0
perpetr,0.0
paltri,0.0
bother,0.0
legal,0.0
killer,0.0
prompt,0.0
clarifi,0.0
elbow,0.0
intercours,0.0
superstiti,0.0
strangul,0.0
precinct,0.0
ihram,0.0
verdict,0.0
kindr,0.0
undeni,0.0
extra,0.0
triniti,0.0
obstruct,0.0
virtuous,0.0
lazili,0.0
suspens,0.0
treatment,0.0
attorney,0.0
constantli,0.0
precaut,0.0
mischief,0.0
consecut,0.0
enthusiast,0.0
desist,0.0
misde,0.0
kinder,0.0
nocturn,0.0
frankli,0.0
rejector,0.0
slightest,0.0
context,0.0
misguid,0.0
defec,0.0
tayammum,0.0
semin,0.0
atom,0.0
lastli,0.0
stingi,0.0
depend,0.0
bequest,0.0
omnipres,0.0
amor,0.0
dower,0.0
chastiti,0.0
aunt,0.0
matern,0.0
niec,0.0
patern,0.0
third,0.0
ward,0.0
migrat,0.0
avaric,0.0
avarici,0.0
untouch,0.0
befel,0.0
suspici,0.0
glanc,0.0
pre,0.0
badr,0.0
privaci,0.0
audibl,0.0
animos,0.0
freez,0.0
amnesti,0.0
bakka,0.0
deem,0.0
mispronounc,0.0
planner,0.0
cradl,0.0
senil,0.0
imran,0.0
longest,0.0
dissimul,0.0
taqiyah,0.0
substitut,0.0
mischiev,0.0
unclear,0.0
idea,0.0
fundament,0.0
liabl,0.0
minor,0.0
omiss,0.0
contract,0.0
scrupul,0.0
safeguard,0.0
waiv,0.0
improv,0.0
imbal,0.0
mental,0.0
modest,0.0
reluct,0.0
hurrican,0.0
drizzl,0.0
rainfal,0.0
fruitless,0.0
recipi,0.0
multipl,0.0
mainten,0.0
payabl,0.0
financi,0.0
date,0.0
indirect,0.0
termin,0.0
menstrual,0.0
cycl,0.0
resum,0.0
marit,0.0
lenient,0.0
inattent,0.0
mens,0.0
ailment,0.0
gambl,0.0
whilst,0.0
benefici,0.0
commenc,0.0
disrespect,0.0
vicin,0.0
phase,0.0
wrongli,0.0
illeg,0.0
ramadan,0.0
mandatori,0.0
emerg,0.0
pork,0.0
yell,0.0
regrett,0.0
attitud,0.0
marwah,0.0
safa,0.0
essenc,0.0
moder,0.0
qibla,0.0
leadership,0.0
loser,0.0
omnisci,0.0
basi,0.0
oblivion,0.0
ident,0.0
ina,0.0
unzurna,0.0
accent,0.0
harut,0.0
marut,0.0
incant,0.0
greediest,0.0
devotedli,0.0
previou,0.0
denial,0.0
heedlessli,0.0
misinterpret,0.0
irrig,0.0
flaw,0.0
descript,0.0
tur,0.0
sabaean,0.0
onion,0.0
criteria,0.0
deliber,0.0
introduc,0.0
initi,0.0
dome,0.0
bargain,0.0
blindli,0.0
allah,0.0
transpar,0
chrysopras,0
sardonyx,0
chrysolit,0
chalcedoni,0
cowardli,0.0
omnipot,0
alleluia,0
flutist,0
craft,0
shipmast,0
splendid,0
citron,0
armageddon,0
furlong,0
harpist,0
spew,0
dragon,0
sulfur,0
hyacinth,0
apollyon,0
abaddon,0
bottomless,0
quart,0
glass,0.0
overcam,0.0
salv,0
lukewarm,0
antipa,0
nicolaitan,0
persev,0
smyrna,0
pergamo,0
philadelphia,0
sardi,0
patmo,0
alpha,0
omega,0
grumbler,0
domain,0
abod,0.0
crept,0
unnot,0
diotreph,0
paper,0.0
antichrist,0
advoc,0
untaught,0
brute,0
dignitari,0
ensur,0
shortsight,0
briefli,0
antityp,0
courteou,0
vice,0
newborn,0
foreordain,0
aimless,0
indic,0
grumbl,0
corrod,0
corros,0
jealous,0
sensual,0
similitud,0
unruli,0
stricter,0
unspot,0
implant,0
variat,0
sooner,0.0
unwittingli,0
disloc,0
goatskin,0
sawn,0
sheepskin,0
homeland,0.0
illumin,0
repeatedli,0
testat,0.0
holiest,0
obsolet,0
faultless,0
unchang,0.0
deriv,0
forerunn,0
immut,0
sluggish,0
elementari,0
unskil,0
sympath,0
partaken,0
drift,0
compuls,0.0
apphia,0
philemon,0
zena,0
nicopoli,0
artema,0
fidel,0
pilfer,0
discreet,0
homemak,0
eubulu,0
linu,0
puden,0
claudia,0
prisca,0
coppersmith,0
parchment,0.0
carpu,0
crescen,0
dalmatia,0
jann,0
jambr,0
disapprov,0
gullibl,0
headstrong,0
philetu,0
cancer,0
hardwork,0
athlet,0
enlist,0
onesiphoru,0
hermogen,0
phygellu,0
eunic,0
loi,0
unapproach,0
potent,0
wrangl,0
suspicion,0.0
obsess,0
frequent,0.0
prejudic,0
manag,0.0
eldership,0
novic,0
quarrelsom,0.0
hymenaeu,0
ignorantli,0.0
insubordin,0
fabl,0
endless,0
busybodi,0
admir,0
sober,0
archangel,0
preced,0.0
aspir,0.0
devoutli,0
archippu,0
laodicean,0
nympha,0
luke,0
dema,0
hierapoli,0
cousin,0
onesimu,0
circumst,0
richli,0.0
scythian,0
regul,0.0
ligament,0
intrud,0.0
handwrit,0
principl,0.0
philosophi,0
basic,0
laodicea,0
preemin,0
visibl,0.0
convey,0.0
epaphra,0
coloss,0
philippian,0
clement,0
goal,0.0
apprehend,0.0
epaphroditu,0
progress,0
further,0
bishop,0
deacon,0
shod,0
wile,0
eyeservic,0
pleaser,0
cherish,0.0
wrinkl,0
dissip,0
circumspectli,0
jest,0.0
tenderheart,0
pastor,0
dispens,0
commonwealth,0
conceit,0
heresi,0
selfish,0
ambit,0
outburst,0
correspond,0
freewoman,0
tone,0.0
zealous,0
beggarli,0
element,0
tutor,0
straightforward,0
favorit,0
stealth,0
contemporari,0.0
judaism,0
foretel,0
buffet,0
inexpress,0
areta,0
damascen,0
peril,0
shipwreck,0
minu,0
emin,0
chast,0.0
overextend,0
sphere,0
grudgingli,0.0
giver,0
sparingli,0
unprepar,0
willing,0
urgenc,0
downcast,0
titu,0
belial,0
unequ,0
sleepless,0
uncloth,0
temporari,0.0
unveil,0.0
testament,0.0
unlift,0
steadili,0.0
unlik,0
peddl,0
reaffirm,0
guarante,0.0
silvanu,0
heartili,0
brave,0
immort,0.0
twinkl,0.0
celesti,0
terrestri,0
except,0.0
pitiabl,0
uninform,0
dimli,0
childish,0.0
rude,0
brass,0.0
clang,0
varieti,0.0
schism,0
compos,0.0
modesti,0
unpresent,0
independ,0.0
symbol,0.0
communion,0
admonit,0.0
exampl,0.0
disqualifi,0
uncertainti,0.0
imperish,0
entrust,0.0
embolden,0
conscious,0
puff,0
happier,0
improperli,0
misus,0
freedman,0
concess,0
homosexu,0
sodomit,0
malic,0.0
imit,0
defam,0
poorli,0
homeless,0
puf,0.0
persuas,0
sanctif,0
stephana,0
chloe,0
quartu,0
epistl,0
tertiu,0
philologu,0
julia,0
nereu,0
olympa,0
phlegon,0
asyncritu,0
herma,0
patroba,0
tryphena,0
tryphosa,0
persi,0
countryman,0
narcissu,0
herodion,0
apel,0
aristobulu,0
stachi,0
urbanu,0
amplia,0
junia,0
andronicu,0
epaenetu,0
spain,0
aim,0
illyricum,0
edif,0
scrupl,0
revelri,0
nearer,0.0
unafraid,0
hospit,0
lag,0.0
brotherli,0
affection,0
function,0
soberli,0
transform,0
irrevoc,0
graft,0
stupor,0
sabaoth,0
rebecca,0
conqueror,0
conform,0
predestin,0.0
foreknew,0
earnest,0
adopt,0.0
abba,0
wretch,0
old,0
new,0
type,0.0
charact,0.0
persever,0
access,0.0
justif,0
blessed,0
propiti,0
code,0.0
hearer,0
impenit,0
inexcus,0
untrustworthi,0
unforgiv,0
unmerci,0
undiscern,0
boaster,0
inventor,0
minded,0
passion,0
incorrupt,0
profess,0.0
godhead,0
attribut,0.0
invis,0.0
barbarian,0
impart,0
bondserv,0
puteoli,0
rhegium,0
syracus,0
figurehead,0
dysenteri,0
entertain,0
estat,0
publiu,0
courteous,0
jump,0
immov,0.0
hoist,0
mainsail,0
rudder,0
beach,0
prow,0
anchor,0.0
fathom,0
adriat,0
sailor,0
abstin,0
tackl,0
overboard,0
cabl,0
aground,0
syrti,0
undergird,0
clauda,0
skiff,0
euroclydon,0
southwest,0
phoenix,0
major,0.0
northwest,0
helmsman,0
lasea,0
cnidu,0
crete,0
lycia,0
myra,0
juliu,0
adramyttium,0
befit,0
commiss,0
vote,0
incred,0.0
strictest,0
unreason,0.0
auditorium,0
uncertain,0.0
bernic,0
agrippa,0
festu,0
porciu,0
drusilla,0
adjourn,0
assent,0
ringlead,0
courtesi,0
tediou,0
foresight,0
orat,0
tertullu,0
antipatri,0
lysia,0
felix,0
spearmen,0
citizenship,0
uncondemn,0
thong,0
martyr,0.0
barrack,0
ascertain,0.0
myriad,0
mnason,0
pack,0
evangelist,0
voyag,0
ptolemai,0
aboard,0
patara,0
co,0
rhode,0
necess,0
savag,0
publicli,0.0
miletu,0
chio,0
trogyllium,0
samo,0
mitylen,0
asso,0
eutychu,0
secundu,0
trophimu,0
tychicu,0
sopat,0
thessalonian,0
disorderli,0
clerk,0
gaiu,0
macedonian,0
theater,0
aristarchu,0
ephesian,0
demetriu,0
diana,0
erastu,0
sceva,0
itiner,0
exorcis,0
exorcist,0
school,0
tyrannu,0
accur,0.0
alexandria,0
apollo,0
galatia,0
ephesu,0
cenchrea,0
sosthen,0
gallio,0
achaia,0
corinthian,0
crispu,0
tentmak,0
aquila,0
priscilla,0
itali,0
corinth,0
damari,0
dionysiu,0
areopagit,0
poet,0.0
preappoint,0
athenian,0
areopagu,0
athen,0
berea,0
jason,0
demonstr,0
amphipoli,0
thessalonica,0
apollonia,0
jailer,0
annoy,0.0
fortun,0.0
thyatira,0
customarili,0
coloni,0
samothrac,0
neapoli,0
macedonia,0
troa,0
bithynia,0
mysia,0
timothi,0
farewel,0.0
strangl,0
unsettl,0
sila,0
dissens,0.0
attalia,0
iconium,0
bygon,0
garland,0
zeu,0
speaker,0
herm,0
lycaonian,0
crippl,0
derb,0
lycaonia,0
lystra,0
unworthi,0
uplift,0
pisidia,0
perga,0
paul,0
elyma,0
paulu,0
sergiu,0
proconsul,0
intellig,0.0
papho,0
salami,0
seleucia,0
niger,0
luciu,0
manaen,0
blastu,0
motion,0.0
real,0.0
constant,0.0
squad,0
claudiu,0
agabu,0
phoenicia,0
tranc,0
regiment,0
corneliu,0
italian,0
tanner,0
tabitha,0
dorca,0
aenea,0
bedridden,0
lydda,0
edifi,0
tarsu,0
azotu,0
candac,0
havoc,0
remphan,0
moloch,0
cilicia,0
freedmen,0
alexandrian,0
antioch,0
timon,0
nicanor,0
parmena,0
prochoru,0
stephen,0
nicola,0
hellenist,0
outcom,0
sect,0.0
sapphira,0
anania,0
barnaba,0
uneduc,0
foretold,0
simplic,0
patriarch,0
foresaw,0
foreknowledg,0
cretan,0
visitor,0.0
pamphylia,0
rome,0
phrygia,0
cappadocia,0
pontu,0
asia,0
parthian,0
pentecost,0
apostleship,0
barsaba,0
matthia,0
justu,0
dama,0
akel,0
infal,0
breakfast,0
print,0.0
rabboni,0
clopa,0
titl,0
gabbatha,0
detach,0.0
malchu,0
perdit,0.0
mansion,0.0
towel,0
expedi,0
roman,0.0
gravecloth,0
hirel,0
illustr,0
unheard,0
resourc,0.0
convict,0
conscienc,0
murmur,0
tiberia,0
bethesda,0
sychar,0
certifi,0
aenon,0
salim,0
earthli,0.0
nicodemu,0
gallon,0
cana,0
nathanael,0
cepha,0
bethabara,0
endu,0
broil,0
constrain,0
expound,0.0
cleopa,0
tale,0.0
latin,0
calvari,0
jurisdict,0
affirm,0.0
benefactor,0
lordship,0
absenc,0.0
olivet,0
carous,0
contradict,0.0
donat,0.0
embank,0
auster,0
handkerchief,0
nobleman,0
zacchaeu,0
gulf,0.0
lazaru,0
sumptuous,0
bill,0
stewardship,0
pod,0
citizen,0
prodig,0
dunghil,0
lane,0
supper,0
dropsi,0
siloam,0
consist,0.0
assail,0
alm,0.0
greed,0.0
ninevit,0
thickli,0.0
distract,0
martha,0
innkeep,0
steadfastli,0.0
welcom,0
abyss,0.0
jeopardi,0
launch,0.0
susanna,0
chuza,0
nain,0
unthank,0
credit,0
traitor,0.0
zealot,0
match,0
tile,0
gennesaret,0
lake,0
menan,0
mattathah,0
melea,0
jonan,0
jorim,0
elmodam,0
cosam,0
addi,0
joanna,0
rhesa,0
neri,0
semei,0
maath,0
naggai,0
esli,0
mattathiah,0
matthat,0
melchi,0
janna,0
heli,0
bodili,0
intimid,0
anna,0
abilen,0
trachon,0
tiberiu,0
iturea,0
lysania,0
anxious,0
devout,0.0
inn,0
quiriniu,0
augustu,0
manifest,0.0
henceforth,0
beckon,0
elizabeth,0
zacharia,0.0
theophilu,0
narr,0
salom,0
eloi,0
rufu,0
alexand,0
cyrenian,0
salut,0
galilean,0
blindfold,0
sharpli,0
critic,0.0
reader,0
livelihood,0.0
quadran,0
mite,0
oneself,0.0
bartimaeu,0
timaeu,0
defraud,0.0
forbad,0.0
foam,0.0
rigid,0
discuss,0
whiten,0
dalmanutha,0
leftov,0
ephphatha,0
impedi,0
syro,0
phoenician,0
corban,0
cumi,0
talitha,0
jairu,0
shackl,0.0
tame,0
gadaren,0
pillow,0
windstorm,0
pictur,0
cananit,0
boanerg,0
idumea,0
convuls,0
commonli,0
arimathea,0
jose,0
magdalen,0
spong,0
lama,0
sabachthani,0
wag,0
golgotha,0
cyren,0
praetorium,0
barabba,0
remors,0.0
pontiu,0
pilat,0
spat,0
legion,0
gethseman,0
rooster,0
crow,0
hymn,0
remiss,0
iscariot,0
juda,0
caiapha,0
mill,0
pregnant,0.0
chick,0
hypocrisi,0.0
outwardli,0
indulg,0.0
strain,0
gnat,0.0
weightier,0
anis,0
mint,0
oblig,0.0
proselyt,0
rabbi,0.0
lawyer,0
mistaken,0
caesar,0
herodian,0
entangl,0.0
bethani,0
changer,0
hosanna,0
bethphag,0
crucifi,0.0
denariu,0
landown,0
regener,0
needl,0.0
tortur,0.0
denarii,0
heathen,0
anticip,0.0
imposs,0
transfigur,0
caesarea,0
philippi,0
magdala,0
crumb,0
unwash,0
elimin,0.0
tradit,0.0
boister,0
ghost,0
herodia,0
tetrarch,0
unbelief,0
mustard,0.0
tare,0
unfruit,0
choke,0.0
grainfield,0
hade,0
bethsaida,0
chorazin,0
beelzebub,0
harmless,0
toler,0
alphaeu,0
surnam,0
thaddaeu,0
bartholomew,0
philip,0
lebbaeu,0
thoma,0
apostl,0
sternli,0.0
unshrunk,0
matthew,0
gergesen,0
infirm,0
paralyz,0
centurion,0
lawless,0
thornbush,0
inwardli,0
pearl,0.0
speck,0
spin,0.0
mammon,0
rust,0
heavenli,0.0
temptat,0.0
charit,0.0
collector,0.0
mile,0
sue,0
slap,0
resist,0
sexual,0
penni,0
raca,0
exce,0
tittl,0
jot,0
flavor,0
peacemak,0
decapoli,0
epilept,0
paralyt,0
synagogu,0.0
gospel,0.0
boat,0.0
zebede,0
jame,0
andrew,0
simon,0
peter,0
capernaum,0
pinnacl,0
tempter,0
devil,0.0
unquench,0
pharise,0
sadduce,0
baptism,0.0
baptiz,0.0
baptist,0
john,0.0
nazareth,0
nazaren,0
archelau,0
herod,0
azor,0
achim,0
eliud,0
christ,0
earner,0
launder,0
institut,0.0
malachi,0
panic,0
azal,0
rifl,0
coars,0
agreeabl,0
goatherd,0
wend,0
waterless,0
hadrach,0
fervor,0
sherez,0
hen,0
elabor,0
dappl,0
disc,0
perjur,0
receptacl,0
scan,0
capston,0
sorrel,0
earn,0.0
bittern,0
saltpit,0
overrun,0
undesir,0
riddanc,0
speedi,0
maktesh,0
trace,0.0
ray,0.0
shigionoth,0
habakkuk,0
sumptuou,0
dragnet,0
purer,0
derid,0
charger,0.0
astound,0
powerless,0
kiln,0
boundless,0
rampart,0
spectacl,0
jostl,0
emptier,0
tangl,0
wilt,0
elkoshit,0
nahum,0
snake,0
solitarili,0
woodland,0
mud,0.0
sharper,0
justli,0.0
go,0
abash,0
chant,0
flay,0
prattler,0
restrict,0.0
insult,0.0
prattl,0
turncoat,0
haughtili,0.0
maroth,0
zaanan,0
shaphir,0
aphrah,0
moor,0
cargo,0
repris,0
crossroad,0
confederaci,0
treader,0
strata,0
falsifi,0
spout,0
plumb,0
conflict,0
chiun,0
sikkuth,0
savor,0
harmon,0
fishhook,0
brotherhood,0
amo,0
waken,0
greek,0
retali,0.0
menserv,0
monstrou,0.0
gloomi,0.0
shambl,0
drinker,0
pethuel,0
chimney,0
memor,0
sympathi,0
slash,0
arbel,0
shalman,0
jareb,0
shriek,0
darl,0
pregnanc,0
spiritu,0.0
memphi,0
unturn,0
fraud,0
involv,0.0
forag,0
poplar,0
teraphim,0
ruhamah,0
diblaim,0
hosea,0
beeri,0
riverbank,0
strongest,0.0
richest,0
leagu,0
intrigu,0
richer,0
scriptur,0.0
speechless,0
frailti,0
tigri,0
messiah,0.0
reconcili,0.0
featur,0
greec,0
refer,0.0
gabriel,0.0
ulai,0
pompou,0
injuri,0.0
advisor,0.0
mene,0
upharsin,0
tekel,0
kingli,0
enigma,0
belshazzar,0
hour,0.0
claw,0.0
psalteri,0
symphoni,0
lyre,0
herald,0
dura,0
administr,0
fragil,0
ceram,0
partli,0.0
urgent,0.0
interview,0
goodwil,0
meshach,0
belteshazzar,0
shadrach,0
abe,0
nego,0
literatur,0
ashpenaz,0
cultiv,0.0
adjac,0.0
sibraim,0
hauran,0
hatticon,0
berothah,0
hethlon,0
swamp,0
ankl,0.0
kitchen,0
evict,0
moisten,0
tribal,0.0
unmarri,0
describ,0.0
exit,0.0
shorter,0.0
galleri,0
wider,0
foursquar,0
exterior,0
archway,0
structur,0.0
sacrifici,0.0
hamonah,0
marker,0
burier,0
steep,0
splendidli,0.0
enabl,0.0
wholeheart,0
talker,0
but,0
riverb,0
chestnut,0
underground,0
rivulet,0
splint,0
tehaphneh,0
beseth,0
chub,0
strenuous,0
expend,0
lowliest,0
syen,0
prick,0
marin,0
caulker,0
sturdi,0
canneh,0
chilmad,0
helbon,0
tusk,0
eboni,0
barter,0
gammad,0
lydia,0
libya,0
caulk,0
market,0
arvad,0
pilot,0
oarsmen,0
departur,0
seafar,0
pillag,0
gateway,0
veng,0
stabl,0
signifi,0
scum,0
simmer,0
carefre,0
hord,0.0
wagon,0
deleg,0
koa,0
shoa,0
paramour,0
babylonian,0
gorgeous,0
oholah,0
oholibah,0
wolv,0
lewdli,0
infam,0
mockeri,0
bloodi,0
bamah,0
foliag,0
amid,0.0
bloodlin,0
cruelli,0.0
shedder,0
terrac,0
fertil,0.0
twig,0.0
topmost,0
quot,0
agit,0
wedlock,0.0
solicit,0.0
brazen,0
insati,0
fleshli,0
multicolor,0
silk,0.0
thrive,0
matur,0.0
rub,0.0
object,0.0
sleev,0
stormi,0.0
untemp,0
postpon,0.0
stoni,0
azzur,0
inkhorn,0
tammuz,0
blown,0.0
singular,0
barber,0
dung,0
millet,0
batter,0.0
portray,0
unfamiliar,0
amber,0
radiat,0
buzi,0
ezekiel,0.0
chebar,0
thirtieth,0
waif,0
track,0
compassion,0.0
unrecogn,0
soot,0
blacker,0
interrupt,0
offscour,0
refuge,0
cuddl,0
envis,0
swoon,0
bile,0
valuabl,0
destini,0.0
servitud,0
lone,0
quartermast,0
joyous,0
monster,0
bristl,0
minni,0
derang,0
kamai,0
leb,0
pekod,0
merathaim,0
horrifi,0
chaldea,0
arraign,0
headlong,0.0
brow,0
junip,0
scabbard,0
stamp,0.0
mercenari,0
pretti,0
lydian,0
libyan,0
hophra,0
baali,0
ephai,0
kareah,0
jezaniah,0
conveni,0
nebushasban,0
rabmag,0
sarez,0
samgar,0
sarsechim,0
penetr,0.0
convers,0
armpit,0
jucal,0
cell,0
irijah,0
jehuc,0
ink,0.0
jehudi,0
cushi,0
igdaliah,0
habazziniah,0
rechabit,0
recent,0
mahseiah,0
neriah,0
hanamel,0
goath,0
surveyor,0
replenish,0.0
signpost,0.0
dear,0.0
untrain,0
satiat,0
planter,0
ordinari,0
medicin,0
enslav,0
dement,0
nehelamit,0
gemariah,0
azur,0
moresheth,0
sheshach,0
coniah,0
drag,0.0
vermilion,0
prize,0
melchiah,0
induc,0.0
magor,0
missabib,0
hopeless,0
anxiou,0.0
gruesom,0
grip,0
unreli,0
bemoan,0
snif,0
dens,0.0
dearli,0.0
footmen,0
floodplain,0
catastroph,0
docil,0
forefath,0.0
exhort,0.0
commot,0
metalsmith,0
uphaz,0
recoveri,0
slidden,0
residu,0
intercess,0.0
amend,0
bellow,0
smelter,0
assay,0
blush,0
slightli,0
cage,0
defiant,0.0
neigh,0
lusti,0
stallion,0
bowmen,0
beheld,0
silli,0
procur,0
dictat,0.0
deiti,0.0
pretens,0
casual,0
lover,0
unshod,0
sniff,0
lye,0
degener,0
tahpanh,0
dandl,0
delus,0
meni,0
holier,0
stain,0.0
beulah,0
term,0.0
plowmen,0
roost,0
nebaioth,0
dromedari,0
clad,0
hatch,0
undo,0
debat,0
exploit,0
nuditi,0
bark,0
sower,0
ho,0
gem,0
smitten,0
comeli,0
visag,0
sinim,0
elev,0.0
matrix,0
defer,0.0
stargaz,0
monthli,0
prognost,0
astrolog,0
arbitr,0
lavish,0
bel,0
carriag,0
plane,0
chalk,0
watercours,0
gasp,0
elect,0
pine,0
sledg,0
nonexist,0
solder,0
anvil,0
calcul,0.0
loveli,0
warfar,0
poultic,0
lovingli,0
crane,0
undertak,0.0
dial,0
dumb,0.0
unstop,0
soak,0
galley,0
oar,0
stake,0.0
gestur,0.0
stabil,0.0
caterpillar,0
assur,0
bustl,0
tophet,0
pyre,0
brandish,0
festiv,0
siev,0
fan,0
shard,0
fragment,0.0
shebeth,0
hane,0
pale,0
reprov,0
obscur,0.0
illiter,0.0
liter,0
paus,0
instant,0
cartwheel,0
cummin,0
level,0.0
plowman,0
unusu,0
stammer,0
diadem,0
verdant,0
chalkston,0
rough,0
deliveri,0.0
expand,0.0
deceas,0.0
fort,0
swimmer,0
trickeri,0
lee,0
debtor,0.0
distort,0.0
fornic,0.0
antiqu,0
agoni,0.0
harbor,0
sepulch,0
reservoir,0.0
joyou,0.0
dedanit,0
waver,0
dealer,0
sargon,0
mainstay,0
noph,0
delud,0
fabric,0.0
fishermen,0
sprig,0
sunshin,0
buzz,0
seedl,0
hareseth,0
spoiler,0
extortion,0
devast,0
dimon,0
eglaim,0
nimrim,0
luhith,0
horonaim,0
porcupin,0
muddi,0
lucif,0
maggot,0
woodsman,0
hyena,0
caper,0
wedg,0
amaz,0
tumultu,0
dryshod,0
pathro,0
leopard,0
stem,0
lop,0
gebim,0
madmenah,0
aiath,0
chop,0
peep,0
calno,0
spur,0.0
fuel,0.0
gloom,0
enrag,0.0
wizard,0
shiloah,0
jeberechiah,0
hash,0
maher,0
shalal,0
baz,0
hoe,0
immanuel,0
seraphim,0
tong,0
whistl,0.0
speed,0.0
pomp,0
inflam,0
brand,0.0
stench,0
festal,0
headdress,0
box,0
headband,0
fineri,0
scarv,0
anklet,0
wanton,0
minc,0
jingl,0
err,0.0
protest,0.0
cure,0.0
rug,0
abolish,0
sloop,0
tinder,0
penit,0
alloy,0
thiev,0.0
hut,0
cucumb,0.0
leas,0
hamon,0
vehement,0.0
sleeper,0
tress,0
rabbim,0
navel,0
beverag,0
goblet,0.0
workman,0
curv,0
shulamit,0
verdur,0
inlaid,0
fitli,0
wavi,0
latch,0
saffron,0
calamu,0
link,0
fawn,0
shorn,0
wed,0
interior,0
palanquin,0
fragrant,0
bether,0
stag,0
lovesick,0
rafter,0
fair,0.0
bloom,0
henna,0
spikenard,0
stud,0
filli,0
fairest,0
conclus,0
scholar,0.0
creator,0.0
rave,0
babbler,0
dull,0.0
concili,0
odor,0
putrefi,0
quietli,0.0
nevermor,0
overli,0
debas,0
crackl,0
unduli,0
excus,0.0
threefold,0
misfortun,0.0
sew,0.0
succe,0
orchard,0
gratifi,0
vaniti,0
preacher,0.0
merchandis,0.0
lemuel,0
churn,0
greyhound,0
folk,0
perturb,0
leech,0
malign,0
agur,0
jakeh,0
ucal,0
partner,0.0
pamper,0
respond,0.0
blamelessli,0
hay,0.0
pestl,0
reflect,0.0
raini,0
hearti,0
weighti,0
fervent,0
earthenwar,0
charcoal,0
firebrand,0
sensibl,0
flit,0
murki,0
soda,0
weather,0
club,0
seldom,0
reput,0.0
overgrown,0
prospect,0.0
schemer,0
troublemak,0
mast,0.0
sting,0
smoothli,0.0
sparkl,0.0
rag,0
drowsi,0.0
winebibb,0
overwork,0
faithless,0.0
lender,0
forese,0
endlessli,0
greedili,0
squander,0.0
pacifi,0
contenti,0.0
fantasi,0.0
hasti,0.0
sift,0
reconsid,0
divers,0
hastili,0
gravel,0
buyer,0
brawler,0
disreput,0
wari,0
careless,0
nobil,0
entreati,0
harder,0.0
castl,0.0
sloth,0
trifl,0
tasti,0
inmost,0
express,0.0
percept,0
decis,0.0
wellspr,0
unpunish,0
healthi,0.0
awri,0
allay,0
dinner,0
wholesom,0
chatter,0
temper,0
quick,0
backslid,0
disciplin,0.0
promptli,0
dishonesti,0
depress,0.0
frivol,0
slight,0
snout,0
ruthless,0
jubil,0
lazi,0.0
sport,0.0
prate,0
clamor,0
scoffer,0
primal,0
travers,0
impud,0
sear,0
crust,0
allur,0
reproof,0
roam,0.0
discord,0.0
shuffl,0
prowler,0
ant,0.0
sluggard,0
entrap,0
enraptur,0
doe,0
ponder,0.0
vat,0
immor,0
seductress,0
complac,0
concours,0
purs,0
swiftli,0.0
brokenheart,0
outcast,0
expectantli,0
laden,0.0
barn,0
sculptur,0.0
style,0
delicaci,0
asp,0
unform,0
wrought,0.0
uttermost,0
raze,0
mirth,0
profound,0
plower,0
laughter,0.0
crook,0.0
fowler,0
swollen,0
compact,0
entireti,0.0
disgust,0.0
dross,0
stray,0.0
consumm,0.0
coin,0.0
forg,0.0
liberti,0
contempl,0
undefil,0
laud,0
mutter,0
tide,0
discret,0
veriti,0
studi,0.0
accus,0.0
waterspr,0
calm,0.0
reel,0
drunken,0
stagger,0
rashli,0
interven,0
lust,0.0
innumer,0
teem,0
cliff,0
sap,0
cloak,0.0
pelican,0
equiti,0
fellowship,0
anxieti,0
senseless,0.0
harmoni,0.0
outwit,0
liken,0
engulf,0.0
distraught,0
adrift,0
mob,0
pathway,0
baca,0
sparrow,0
gebal,0
hater,0
admonish,0.0
freed,0
beseech,0
boar,0
hedg,0
stoutest,0
fanci,0
aright,0
parabl,0.0
dreg,0
dissolv,0
haunt,0
winter,0.0
untru,0
loftili,0
scoff,0.0
bulg,0
isl,0
mow,0
resort,0
sink,0.0
player,0
scalp,0
fume,0
peak,0
solitari,0.0
yah,0
soft,0.0
ridg,0
outgo,0
await,0.0
vainli,0
robberi,0
totter,0
washpot,0
shoe,0.0
display,0.0
growl,0
belch,0
snail,0
fang,0
charm,0
charmer,0
lute,0
hound,0
softer,0
smoother,0
throng,0
windi,0
moan,0
noisili,0
tempestu,0
disclos,0
bulwark,0
humil,0
fairer,0
theme,0
writer,0
deris,0
waterfal,0
billow,0
mizar,0
sickb,0
horribl,0.0
miri,0
regain,0.0
state,0.0
vapor,0
frail,0.0
muse,0
aloof,0.0
pant,0
fester,0
foul,0
futur,0.0
slide,0
bent,0.0
meek,0
fret,0
enviou,0.0
mutual,0.0
ah,0
heavili,0.0
slipperi,0
buckler,0
contrit,0
radiant,0.0
awe,0.0
melodi,0
har,0.0
forgav,0.0
vital,0
contemptu,0.0
useless,0.0
extol,0
skip,0
splinter,0
oper,0.0
endeavor,0
sinist,0
wax,0
enthron,0
yea,0
convert,0
bridegroom,0
race,0.0
handiwork,0
overtaken,0.0
shrewd,0
deviou,0
pang,0
eager,0
lovingkind,0
backbit,0.0
uprightli,0.0
prowl,0
idli,0
helpless,0.0
sneer,0
greedi,0.0
renounc,0.0
sunk,0
babe,0
ditch,0.0
rend,0
swim,0
drench,0
throat,0.0
godli,0.0
cheekbon,0
selah,0
keren,0
happuch,0
jemimah,0
keziah,0
wake,0.0
potsherd,0
undersid,0
threat,0.0
slingston,0
crash,0.0
harpoon,0
leash,0
jaw,0
lotu,0.0
behemoth,0
annul,0
resid,0
crag,0
aha,0
rattl,0
clash,0
snort,0.0
pinion,0
manger,0
onag,0
lair,0
crouch,0
appetit,0
clump,0
bottl,0
mazzaroth,0
cub,0
growth,0.0
diffus,0
uprais,0
farther,0
swaddl,0
cornerston,0
metal,0.0
balanc,0.0
dispatch,0
swirl,0
satur,0
moistur,0
frozen,0
whirlwind,0
comprehend,0.0
rumbl,0
distil,0
sung,0
avoid,0.0
dire,0
fetch,0
advantag,0
palat,0.0
execution,0
succul,0
slumber,0.0
flatter,0
vent,0
convinc,0.0
buzit,0
barachel,0
weed,0
furrow,0
prosecutor,0
grind,0.0
adher,0
jackal,0
mire,0
collar,0
gnaw,0
breaker,0
ruinou,0
rabbl,0
restraint,0
taunt,0
nestl,0
nettl,0
mallow,0
approv,0
hush,0
prime,0
friendli,0
thunderbolt,0.0
rubi,0.0
quartz,0
coral,0
crystal,0.0
dam,0.0
trickl,0
trodden,0
sourc,0.0
ore,0
smelt,0
hiss,0
sweep,0
pile,0.0
nonsens,0
discours,0.0
circular,0
horizon,0.0
sweetli,0
shower,0.0
huddl,0
wet,0.0
cold,0.0
uniqu,0
argument,0.0
listless,0
puriti,0.0
lofti,0.0
sudden,0.0
clod,0
countless,0
vigil,0
moist,0.0
marrow,0
pail,0
chaff,0
storm,0.0
failur,0.0
impati,0
total,0.0
unfan,0
suck,0
sour,0
pen,0.0
persecut,0.0
estrang,0
fenc,0
starv,0
trap,0
noos,0
net,0
stupid,0
flatteri,0
mocker,0
flush,0
eyelid,0
sewn,0
shatter,0
gape,0
gnash,0
shrivel,0
briberi,0.0
overspread,0
stubbornli,0
emboss,0
defiantli,0
writh,0
filthi,0.0
wink,0.0
gentli,0.0
consol,0
unprofit,0
crumbl,0.0
scent,0.0
stump,0.0
rotten,0
moth,0.0
decay,0
stock,0
platitud,0
forger,0
pathless,0
disarm,0
depriv,0.0
loosen,0
robber,0
inferior,0.0
brighter,0
broader,0
sheol,0
doctrin,0
zophar,0
naamathit,0
sinew,0
curdl,0
uniti,0.0
mediat,0
plung,0.0
soap,0
plight,0
tempest,0
proud,0.0
pleiad,0
orion,0
evildo,0
uphold,0
spider,0.0
flourish,0.0
papyru,0
marsh,0
subvert,0.0
shuhit,0
bildad,0
watcher,0.0
scare,0
shuttl,0
crack,0.0
afresh,0
toss,0
wearisom,0
futil,0
eagerli,0
unsavori,0
conced,0
undermin,0
overwhelm,0.0
disappoint,0.0
ice,0
vanish,0.0
exult,0
flavorless,0
egg,0.0
bray,0.0
heavier,0.0
amiss,0
correct,0.0
daytim,0
noontim,0
frustrat,0.0
lowli,0.0
unsearch,0
spark,0.0
snatch,0.0
simpl,0
disquiet,0
upheld,0
attempt,0.0
eas,0.0
sigh,0.0
oppressor,0.0
stillborn,0
leviathan,0
sabean,0
shun,0
island,0
purim,0
unwal,0
arisai,0
parmashta,0
vajezatha,0
aridai,0
adalia,0
aridatha,0
poratha,0
dalphon,0
parshandatha,0
aspatha,0
sivan,0
countrymen,0
revok,0
counteract,0
harbonah,0
compens,0.0
undon,0
parad,0
horseback,0
crest,0
bigthana,0
merrili,0
suggest,0.0
avail,0.0
zeresh,0
banquet,0
hathach,0
wail,0
perplex,0
publish,0
annihil,0
courier,0
pur,0
hammedatha,0
agagit,0
promot,0.0
haman,0.0
gallow,0
teresh,0
bigthan,0
holiday,0
shaashgaz,0
welfar,0.0
readili,0
hegai,0
custodian,0
esther,0
hadassah,0
empir,0
memucan,0
bigtha,0
mehuman,0
zethar,0
abagtha,0
harbona,0
carca,0
biztha,0
vashti,0
compulsori,0
mosaic,0
alabast,0
splendor,0.0
india,0
ahasueru,0
seller,0
director,0
jezrahiah,0
minjamin,0
stairway,0
milalai,0
maai,0
gilalai,0
hoshaiah,0
choir,0
altern,0.0
kallai,0
helkai,0
melichu,0
meraiah,0
joiada,0
joiakim,0
amok,0
ginnethoi,0
judean,0
neballat,0
aija,0
meconah,0
jekabzeel,0
gishpa,0
bakbukiah,0
amashai,0
meshillemoth,0
ahzai,0
pelaliah,0
senuah,0
sallai,0
gabbai,0
kolaiah,0
ithiel,0
jo,0
shiloni,0
hazaiah,0
storeroom,0
farm,0.0
forego,0
ware,0
anan,0
hashabnah,0
shobek,0
pilha,0
jaddua,0
meshezabel,0
beninu,0
azaniah,0
bilgai,0
ginnethon,0
hacaliah,0
document,0
shrug,0
manifold,0.0
precept,0
cloudi,0
persecutor,0
bunni,0
chenani,0
myrtl,0
distinctli,0.0
sens,0.0
hodijah,0
anaiah,0
hashbadana,0
addon,0
perida,0
bazlith,0
bakbuk,0
harhur,0
hakupha,0
nephishesim,0
meunim,0
salmai,0
hagaba,0
lebana,0
sia,0
hodevah,0
hariph,0
spaciou,0
dishearten,0
elul,0
weaken,0.0
slaveri,0
mortgag,0
jewish,0.0
ralli,0
gap,0.0
miphkad,0
zalaph,0
palal,0
project,0
uzai,0
ananiah,0
baruch,0
section,0
bavai,0
azbuk,0
col,0.0
shallun,0
hozeh,0
haccerem,0
hallohesh,0
hashabniah,0
harumaph,0
district,0
harhaiah,0
goldsmith,0
besodeiah,0
hassenaah,0
hananel,0
geshem,0
deepli,0
disturb,0
horonit,0
sanballat,0
occupi,0.0
nisan,0
hachaliah,0
chislev,0
zebina,0
jaddai,0
machnadebai,0
sharai,0
shashai,0
jaasai,0
vaniah,0
bedeiah,0
cheluh,0
uel,0
maadai,0
mattenai,0
jeremai,0
mattattah,0
ishijah,0
shimeon,0
chelal,0
adna,0
zabbai,0
athlai,0
zattu,0
aziza,0
jeziah,0
ramiah,0
malchiah,0
kelita,0
kelaiah,0
elasah,0
jahaziah,0
shabbethai,0
spite,0
foremost,0.0
satrap,0
binnui,0
noadiah,0
meremoth,0
polish,0
sherebiah,0
casiphia,0
joiarib,0
jarib,0
ariel,0
ahava,0
zabbud,0
azgad,0
hakkatan,0
pahath,0
beautifi,0
imprison,0.0
confisc,0
magistr,0
need,0.0
volunt,0
ezra,0
filth,0.0
edict,0
alter,0.0
deposit,0.0
scroll,0.0
achmetha,0
media,0
archiv,0
site,0.0
issu,0.0
rebuild,0
judea,0
persian,0
dariu,0
tattenai,0
shethar,0
boznai,0
haggai,0
foster,0.0
sedit,0
incit,0.0
dishonor,0
osnapp,0
tarpelit,0
shushan,0
apharsathchit,0
elamit,0
dehavit,0
dinait,0
shimshai,0
tabel,0
artaxerx,0
script,0
translat,0
bishlam,0
henadad,0
shealtiel,0
jozadak,0
drachma,0
exclud,0.0
koz,0
habaiah,0
tobiah,0
melah,0
tel,0
addan,0
pochereth,0
ami,0
hattil,0
zebaim,0
darkon,0
jaala,0
sophereth,0
peruda,0
sotai,0
neziah,0
hatipha,0
barko,0
tamah,0
mehida,0
harsha,0
bazluth,0
paseah,0
besai,0
gazzam,0
nekoda,0
giddel,0
gahar,0
shalmai,0
hagab,0
lebanah,0
hagabah,0
kero,0
siaha,0
padon,0
ziha,0
hasupha,0
tabbaoth,0
hatita,0
shobai,0
kadmiel,0
pashhur,0
senaah,0
hadid,0
magbish,0
michma,0
netophah,0
hashum,0
jorah,0
bezai,0
ater,0
adin,0
adonikam,0
bebai,0
zaccai,0
parosh,0
mordecai,0
rehum,0
nehemiah,0
mispar,0
bilshan,0
reelaiah,0
bigvai,0
sheshbazzar,0
mithredath,0
cyru,0
persia,0
remedi,0
summon,0.0
depos,0
carchemish,0
conaniah,0
tokhath,0
hasrah,0
foremen,0
joahaz,0
purg,0.0
implor,0
outlet,0
shamefac,0
think,0.0
win,0.0
shecaniah,0
miniamin,0
jeshua,0
ismachiah,0
azaziah,0
cononiah,0
runner,0
debri,0
neglig,0
jeer,0
rubbish,0
moral,0.0
declin,0.0
gimzo,0
extens,0.0
ophel,0
jerushah,0
withstood,0
devic,0.0
soil,0.0
buttress,0
shimeath,0
shimrith,0
reinforc,0
contribut,0
collect,0.0
elishaphat,0
jehoshabeath,0
downfal,0
intestin,0.0
azaryahu,0
dodavah,0
shilhi,0
realm,0.0
jeruel,0
ziz,0
hazazon,0
sunset,0.0
divert,0.0
imla,0
amasiah,0
increasingli,0
arabian,0.0
tobijah,0
tobadonijah,0
ingredi,0
mixtur,0
maladi,0
huge,0.0
turmoil,0
ode,0
enclosur,0
zephathah,0
annal,0
jeshanah,0
ephrain,0
withstand,0
lubim,0
sukkiim,0
shamariah,0
zaham,0
eliah,0
adoraim,0
propheci,0.0
walkway,0
algum,0
seacoast,0
storag,0.0
platform,0
knelt,0.0
entri,0
purest,0
zeredah,0
decor,0.0
parvaim,0
prudenc,0
crimson,0
fix,0.0
pilgrim,0.0
daric,0
affect,0.0
marbl,0
glisten,0.0
slab,0
construct,0.0
refin,0
footstool,0
hachmoni,0
meronothit,0
obil,0
shitrai,0
adlai,0
sharonit,0
gederit,0
shiphmit,0
ramathit,0
ezri,0
jehonathan,0
jaasiel,0
heldai,0
ammizabad,0
dodai,0
zabdiel,0
jashobeam,0
militari,0
jerijah,0
capabl,0.0
parbar,0
shallecheth,0
shelemiah,0
tebaliah,0
semachiah,0
othni,0
rephael,0
peulthai,0
jehozabad,0
eliehoenai,0
jehohanan,0
jathniel,0
azarel,0
jesharelah,0
jizri,0
student,0
teacher,0
hothir,0
mahazioth,0
mallothi,0
joshbekashah,0
eliathah,0
bukkiah,0
romamti,0
giddalti,0
zeri,0
asharelah,0
shoham,0
ibri,0
jaaziah,0
beno,0
shelomoth,0
isshiah,0
jehdeiah,0
shubael,0
maaziah,0
gamul,0
jehezekel,0
pethahiah,0
happizzez,0
hezir,0
sixteenth,0
bilgah,0
jeshebeab,0
huppah,0
mijamin,0
harim,0
seorim,0
schedul,0
govern,0.0
michah,0
jesshiah,0
jekameam,0
jeriah,0
rehabiah,0
shebuel,0
zizah,0
zina,0
haziel,0
zetham,0
inexperienc,0
magnific,0
ornan,0
million,0
sippai,0
shophach,0
shavsha,0
tou,0
tibhath,0
chun,0
magnifi,0
evermor,0
psalm,0.0
commemor,0.0
jehiah,0
shebaniah,0
instructor,0
chenaniah,0
jehiel,0
shemiramoth,0
elipheleh,0
jaaziel,0
mikneiah,0
unni,0
maaseiah,0
resound,0
elishua,0
elpelet,0
ibhar,0
shihor,0
format,0.0
expert,0.0
stoutheart,0
aaronit,0
adnah,0
endang,0
betray,0.0
machbanai,0
elzabad,0
mishmannah,0
shemariah,0
bealiah,0
eluzai,0
haruphit,0
gederathit,0
jozabad,0
ishmaiah,0
jahaziel,0
gibeathit,0
shemaah,0
jeziel,0
berachah,0
tizit,0
aroerit,0
uzzia,0
ashterathit,0
shama,0
mithnit,0
joshaphat,0
berothit,0
mibhar,0
hagri,0
ezbai,0
hezro,0
naarai,0
mecherathit,0
pelonit,0
sacar,0
eliph,0
gizonit,0
hashem,0
shageh,0
hurai,0
arbathit,0
ithai,0
ilai,0
sibbechai,0
pasdammim,0
tahrea,0
merib,0
shimeam,0
employ,0.0
mattithiah,0
meshelemiah,0
kore,0
talmon,0
jeduthun,0
heresh,0
galal,0
bakbakkar,0
hasshub,0
pashur,0
meshillemith,0
jahzerah,0
immer,0
maasai,0
jehoiarib,0
michri,0
ibnijah,0
ibneiah,0
sallu,0
hassenuah,0
jeuel,0
uthai,0
imri,0
nethinim,0
inscrib,0
eshek,0
bocheru,0
sheariah,0
raphah,0
azel,0
binea,0
jehoaddah,0
azmaveth,0
melech,0
pithon,0
tarea,0
esh,0
mikloth,0
alongsid,0
zecher,0
jaareshiah,0
shehariah,0
shamsherai,0
iphdeiah,0
antothijah,0
ishpan,0
shimrath,0
beraiah,0
elienai,0
zillethai,0
jakim,0
ishmerai,0
jizliah,0
hizki,0
ispah,0
joha,0
zebadiah,0
shashak,0
jeremoth,0
lod,0
ono,0
sheme,0
misham,0
elpaal,0
abitub,0
jeuz,0
mirmah,0
sachiah,0
zibia,0
hodesh,0
malcam,0
shaharaim,0
baara,0
shephuphan,0
ahoah,0
abihud,0
nohah,0
rapha,0
aharah,0
haniel,0
arah,0
rizia,0
ulla,0
ara,0
pispah,0
beera,0
jithran,0
shilshah,0
hod,0
shamma,0
beri,0
imrah,0
harneph,0
suah,0
amal,0
imna,0
zophah,0
helem,0
shelesh,0
jehubbah,0
rohgah,0
bimhal,0
ashvath,0
pasach,0
japhlet,0
shomer,0
hotham,0
birzaith,0
imnah,0
ishvah,0
ishvi,0
naaran,0
ayyah,0
laadan,0
resheph,0
rephah,0
telah,0
uzzen,0
sheerah,0
elead,0
eladah,0
likhi,0
ahian,0
aniam,0
hammoleketh,0
ishhod,0
peresh,0
sheresh,0
ulam,0
rakem,0
jahziel,0
shuppim,0
aher,0
tharshish,0
zethan,0
ahishahar,0
zemirah,0
jerimoth,0
iri,0
jediael,0
jibsam,0
jahmai,0
jeriel,0
jahzah,0
mashal,0
anem,0
jokmeam,0
alemeth,0
hilen,0
shamer,0
amzi,0
hashabiah,0
abdi,0
kishi,0
malluch,0
ethni,0
malchijah,0
baaseiah,0
berachiah,0
mahath,0
toah,0
haggiah,0
zophai,0
amasai,0
ahimoth,0
uriel,0
ebiasaph,0
jeatherai,0
zimmah,0
jehozadak,0
amariah,0
meraioth,0
zerahiah,0
uzzi,0
abishua,0
hara,0
jahdiel,0
eliel,0
azriel,0
nodab,0
sharon,0
abdiel,0
ahi,0
jaroah,0
jeshishai,0
jahdo,0
huri,0
jorai,0
jachan,0
zia,0
hagrit,0
azaz,0
jeiel,0
regist,0
beerah,0
gog,0.0
meunit,0
hamit,0
shimri,0
shiphi,0
ziza,0
jedaiah,0
adiel,0
jesimiel,0
jaakobah,0
jeshohaiah,0
joshibiah,0
asiel,0
joshah,0
jamlech,0
meshobab,0
biri,0
susim,0
tolad,0
zacchur,0
hamuel,0
potter,0
netaim,0
laadah,0
lecah,0
ashbea,0
rinnah,0
shimon,0
zoheth,0
tilon,0
garmit,0
hodiah,0
naham,0
bithiah,0
jekuthiel,0
jere,0
jehudijah,0
ishbah,0
jalon,0
ezrah,0
jehallelel,0
asarel,0
ziphah,0
tiria,0
naam,0
iru,0
harashim,0
meonothai,0
ge,0
hathath,0
shuhah,0
mehir,0
eshton,0
chelub,0
ethnan,0
temeni,0
ahuzzam,0
haahashtari,0
helah,0
hushah,0
gedor,0
idbash,0
ishma,0
hazelelponi,0
reaiah,0
jahath,0
lahad,0
ahumai,0
delaiah,0
akkub,0
anani,0
hodaviah,0
pelaiah,0
eliashib,0
azrikam,0
elioenai,0
bariah,0
neariah,0
hattush,0
shechaniah,0
rephaiah,0
jeshaiah,0
pelatiah,0
arnan,0
hasadiah,0
ohel,0
berechiah,0
jushab,0
hashubah,0
zerubbabel,0
hananiah,0
shenazzar,0
nedabiah,0
malchiram,0
jecamiah,0
hoshama,0
jeconiah,0
nogah,0
bathshua,0
ithream,0
eglah,0
daniel,0
tirathit,0
jabez,0
shimeathit,0
suchathit,0
manahethit,0
zorit,0
mishrait,0
zorathit,0
eshtaolit,0
puthit,0
shumathit,0
haroeh,0
manuhoth,0
gader,0
hareph,0
gibea,0
machbenah,0
tirhanah,0
sheber,0
jahdai,0
geshan,0
regem,0
shaaph,0
moza,0
gazez,0
raham,0
jorkoam,0
jekamiah,0
sismai,0
eleasah,0
zabad,0
ephlal,0
attai,0
jarha,0
zaza,0
peleth,0
sheshan,0
ishi,0
ahlai,0
sele,0
appaim,0
molid,0
ahban,0
abishur,0
shammai,0
jada,0
atarah,0
jerahmeel,0
ephrathah,0
ashhur,0
ardon,0
jerioth,0
jesher,0
azubah,0
ozem,0
raddai,0
salma,0
achar,0
canaanitess,0
aliah,0
jetheth,0
pai,0
hamran,0
alian,0
shephi,0
abida,0
jerah,0
hazarmaveth,0
sheleph,0
almodad,0
sabta,0
raama,0
sabtecha,0
rodanim,0
tarshishah,0
diphath,0
promin,0
merodach,0
jew,0.0
johanan,0
tanhumeth,0
careah,0
nethaniah,0
jaazaniah,0
gedaliah,0
zephaniah,0
solid,0.0
spoon,0
vinedress,0
defector,0
nebuzaradan,0
nineteenth,0
mattaniah,0
fit,0.0
poorest,0
smith,0
craftsmen,0
nehushta,0
elnathan,0
jehoiachin,0
nebuchadnezzar,0
zebudah,0
pedaiah,0
rumah,0
jehoiakim,0
necho,0
hamut,0
jeremiah,0
graveston,0
pulver,0
topheth,0
idolatr,0
constel,0.0
tikvah,0
huldah,0
harha,0
michaiah,0
asaiah,0
ahikam,0
overse,0
doorkeep,0
shaphan,0
azaliah,0
meshullam,0
adaiah,0
jedidah,0
jotbah,0
haruz,0
meshullemeth,0
uzza,0.0
plummet,0
wipe,0.0
upsid,0.0
hephzibah,0
tunnel,0.0
accumul,0.0
armori,0
baladan,0
berodach,0
sundial,0
lump,0.0
nisroch,0
sharez,0
esarhaddon,0
assyrian,0
downward,0
bridl,0
tumult,0
confound,0.0
housetop,0
ago,0.0
defens,0.0
sennacherib,0
telassar,0
rezeph,0
tirhakah,0
ethiopia,0
rumor,0
blasphemi,0.0
amoz,0
isaiah,0
asaph,0
ivah,0
arpad,0
hena,0
joah,0
eliakim,0
hilkiah,0
shebna,0
arama,0
repel,0.0
rabshakeh,0
aqueduct,0
tartan,0
fuller,0
rabsari,0
nehushtan,0
abi,0
nibhaz,0
sepharvit,0
anammelech,0
tartak,0
adrammelech,0
benoth,0
ashima,0
nergal,0
cuth,0
samaritan,0
sepharvaim,0
cuthah,0
ava,0
idolat,0.0
stiffen,0
watchtow,0
mede,0
gozan,0
halah,0
habor,0
shalmanes,0
vassal,0
hezekiah,0
pavilion,0
pavement,0
urijah,0
ahaz,0
rezin,0
jerusha,0
piles,0
tiglath,0
janoah,0
remaliah,0
pekah,0
arieh,0
pekahiah,0
exact,0.0
wealthi,0.0
pul,0
menahem,0
gadi,0
uzziah,0
shallum,0
jecholiah,0
zechariah,0
amittai,0
jonah,0.0
hostag,0
jehoaddan,0
recaptur,0
amaziah,0
silla,0
mason,0
stonecutt,0
carpent,0
apport,0
lid,0
agre,0.0
constitu,0
dilapid,0
assess,0
zibiah,0
jehoash,0
mattan,0
clap,0.0
rang,0
conting,0
sur,0
jehosheba,0
jehoahaz,0
dump,0
vestment,0
wardrob,0
decept,0.0
jehonadab,0
eke,0
acquaint,0
qualifi,0.0
spatter,0
underfoot,0
adorn,0
paint,0
haggan,0
gur,0
tract,0
bidkar,0
furious,0
horseman,0
babbl,0
associ,0.0
athaliah,0
zair,0
revolt,0
gross,0
rip,0.0
stare,0.0
appeal,0.0
kab,0
citadel,0
pharpar,0
rage,0.0
abanah,0
furiou,0
knapsack,0
ripen,0
newli,0
slice,0
gourd,0.0
sneez,0
slacken,0
gehazi,0
chair,0.0
notabl,0
creditor,0
eldest,0.0
haraseth,0
intact,0
slinger,0
kir,0
musician,0
roundabout,0
regularli,0
sheepbreed,0
eighteenth,0
maul,0
zebub,0
jehoram,0
wreck,0
sail,0.0
ahaziah,0
prop,0.0
driver,0
random,0
amon,0
chenaanah,0
zedekiah,0
imlah,0
micaiah,0
seal,0.0
jezreelit,0
palac,0.0
naboth,0
sullen,0
bandag,0
marketplac,0
patrol,0
provinc,0
post,0
boast,0.0
loveliest,0
hazael,0
elisha,0.0
nimshi,0
earthquak,0.0
broom,0
meantim,0
waterpot,0
trench,0
midday,0.0
attent,0.0
paid,0.0
lanc,0
awaken,0
falter,0
opinion,0.0
troubler,0
explor,0
massacr,0
obadiah,0
tragedi,0
bin,0
zarephath,0
cherith,0
tishbit,0
elijah,0
hiel,0
segub,0
ethbaal,0
trivial,0.0
jezebel,0
ahab,0
shemer,0
tibni,0
ginath,0
treason,0
omri,0
arza,0
hanani,0
jehu,0
ijon,0
baasha,0
obscen,0
grandmoth,0
asa,0
granddaught,0
abishalom,0
ammonitess,0
abijam,0
guardroom,0
chronicl,0
glaze,0
jar,0
extermin,0
samaria,0
disobedi,0.0
josiah,0
ordain,0.0
instal,0
class,0.0
shemaiah,0
warrior,0.0
whip,0
thicker,0
lighter,0.0
consult,0.0
lighten,0.0
burdensom,0
rehoboam,0
shishak,0
milcom,0
goddess,0
shilonit,0
industri,0
nebat,0
zeruah,0
zereda,0
jeroboam,0
rezon,0
eliadah,0
genubath,0
tahpen,0
princess,0
intermarri,0
export,0
agent,0
import,0.0
keveh,0
current,0
sycamor,0
rate,0
monkey,0
ape,0.0
armrest,0
ivori,0
mina,0
arabia,0
incom,0
generos,0.0
singer,0
almug,0
quantiti,0.0
waiter,0
entryway,0
cupbear,0
difficult,0.0
retinu,0
queen,0.0
shore,0.0
cavalri,0
tadmor,0
overshadow,0
ethanim,0
main,0.0
hing,0
ladl,0
clay,0.0
burnish,0
southeast,0
flang,0
perfectli,0.0
hub,0
diamet,0.0
axl,0
plait,0
pedest,0
brim,0
convex,0
shape,0.0
lili,0
chainwork,0
wreath,0
circumfer,0
worker,0
huram,0
eav,0
portico,0
rectangular,0
tier,0
detail,0.0
bul,0
appli,0.0
evenli,0
compris,0
ceil,0.0
plank,0
panel,0
stair,0
chisel,0
ledg,0
lowest,0.0
bevel,0
vestibul,0
eightieth,0
ziv,0
builder,0
costli,0
supervis,0.0
quarri,0
shift,0
raft,0
float,0.0
cypress,0
hiram,0
foe,0
ethan,0
ezrahit,0
chalcol,0
darda,0
heman,0
wiser,0
mahol,0
stall,0
tiphsah,0
roebuck,0
fowl,0
kor,0
aloth,0
iddo,0
ahinadab,0
taphath,0
arubboth,0
hese,0
deker,0
makaz,0
abda,0
ahishar,0
adoniram,0
zabud,0
elihoreph,0
shisha,0
azariah,0
offici,0.0
treati,0.0
maachah,0
expect,0.0
,0.0
firmli,0.0
malici,0
peacetim,0
uproar,0
guest,0.0
noisi,0
homag,0
zoheleth,0
fatten,0.0
rei,0
shunammit,0
abishag,0
warm,0.0
cost,0.0
araunah,0
hodshi,0
jaan,0
tahtim,0
gareb,0
ithrit,0
naharai,0
zelek,0
bani,0
hezrai,0
paarai,0
arbit,0.0
ahasbai,0
sharar,0
ahiam,0
shaalbonit,0
jashen,0
eliahba,0
hiddai,0
heleb,0
ribai,0
maharai,0
netophathit,0
anathothit,0
hushathit,0
mebunnai,0
tekoit,0
ikkesh,0
helez,0
paltit,0
harodit,0
elika,0
wrest,0
spectacular,0
hero,0
snowi,0
won,0
defend,0.0
hararit,0
ahohit,0
psalmist,0
forevermor,0
gentl,0.0
bend,0.0
proven,0.0
enlighten,0.0
haughti,0.0
broad,0
confront,0.0
channel,0
vanquish,0
canopi,0
flew,0
ungodli,0
savior,0
fortress,0.0
shimea,0
elhanan,0
oregim,0
gob,0
jaar,0
benob,0
ishbi,0
armoni,0
gibeonit,0
ira,0
jairit,0
sheva,0
adoram,0
revenu,0
withdrew,0
nearbi,0.0
wallow,0
seclus,0
bichri,0
loyal,0
fiercer,0
expens,0.0
chimham,0
slander,0.0
ferryboat,0
escort,0
gatekeep,0
rapidli,0
watchman,0
outran,0
cushit,0
monument,0.0
lifetim,0.0
bean,0
barzillai,0
rogelim,0
shobi,0
amasa,0
jithra,0
dare,0.0
withdrawn,0
bloodthirsti,0
rogu,0
summer,0.0
hushai,0
barefoot,0
kidron,0
ittai,0
exil,0.0
ahithophel,0
counselor,0
gilonit,0
conspiraci,0
deputi,0.0
thank,0.0
devis,0.0
spill,0
banish,0.0
ember,0
extinguish,0.0
tekoa,0
mourner,0
hillsid,0
jonadab,0
shimeah,0
mule,0.0
bolt,0.0
thinner,0
improp,0
saw,0
jedidiah,0
whisper,0.0
wayfar,0
jerubbesheth,0
hottest,0
retreat,0.0
letter,0.0
uriah,0
bathsheba,0
eliam,0
shobach,0
helam,0
zoba,0
repuls,0
ish,0
buttock,0
hanun,0
micha,0
grandfath,0.0
lo,0
debar,0
ziba,0
jehoiada,0
benaiah,0
pelethit,0
scribe,0.0
seraiah,0
zadok,0
jehoshaphat,0
ahilud,0
joram,0
toi,0
berothai,0
betah,0
hadadez,0
undignifi,0
shamelessli,0
whirl,0
outbreak,0
nachon,0
sistrum,0
fir,0
cymbal,0
ahio,0
uzzah,0
mulberri,0
breakthrough,0
perazim,0
doubtless,0.0
eliphelet,0
eliada,0
shobab,0
solomon,0.0
nathan,0
zion,0
behead,0
baanah,0
rechab,0
mephibosheth,0
beerothit,0
gittaim,0
stab,0
sirah,0
bahurim,0
transfer,0
loyalti,0
aiah,0
rizpah,0
adonijah,0
shephatiah,0
abit,0
haggith,0
chileab,0
maacah,0
geshur,0
absalom,0
amnon,0
weaker,0.0
daybreak,0.0
bithron,0
giah,0
ammah,0
blunt,0
fleet,0
asahel,0
oppon,0.0
grasp,0.0
ashurit,0
ishbosheth,0
surpass,0
luxuri,0.0
swifter,0
shan,0
hit,0
malchishua,0
accustom,0
rove,0
rachal,0
siphmoth,0
cherethit,0
invas,0
besor,0
carmelit,0
reconcil,0
review,0.0
mantl,0.0
eaanc,0
disguis,0
gilboa,0
assuredli,0
jerahmeelit,0
jezreelitess,0
carmelitess,0
maoch,0
fool,0.0
partridg,0
stuck,0
zeruiah,0
abishai,0
joab,0
gallim,0
palti,0
offens,0.0
pocket,0.0
folli,0
scoundrel,0
dress,0.0
seah,0
accompani,0.0
shearer,0
abigail,0
nabal,0
flea,0
stoop,0
recess,0
invad,0.0
lurk,0
certainti,0.0
hideout,0
crafti,0
hachilah,0
ziphit,0
jeshimon,0
expedit,0
halt,0.0
abiathar,0
wore,0
bid,0
discov,0.0
hereth,0
fellow,0.0
madmen,0
madman,0
saliva,0
scratch,0
achish,0
wrap,0.0
doeg,0
effect,0.0
nob,0
ahimelech,0
expressli,0
target,0
shoot,0.0
ezel,0
sechu,0
naioth,0
highli,0.0
expir,0
commun,0.0
michal,0
adriel,0
meholathit,0
merab,0
pin,0
music,0
knit,0
shaaraim,0
sheath,0.0
slung,0
disdain,0.0
pouch,0
paw,0
insol,0
enrich,0.0
tax,0.0
exempt,0.0
fare,0
chees,0
occasion,0
ephrathit,0
defi,0
bearer,0.0
spearhead,0
helmet,0
goliath,0.0
champion,0
eph,0
dammim,0
prudent,0.0
ruddi,0
physic,0.0
bethlehemit,0
hack,0
cautious,0
idolatri,0.0
swoop,0
mission,0
sinner,0.0
bleat,0
unwil,0
fatl,0
telaim,0
infant,0.0
ner,0
abner,0
ahinoam,0
ahimaaz,0
zobah,0
sovereignti,0
freeli,0
brighten,0.0
honeycomb,0
drip,0
withdraw,0
watchmen,0
acr,0
climb,0.0
bozez,0
seneh,0
ahitub,0
ahijah,0
migron,0
armor,0
axe,0
goad,0
pim,0
plowshar,0
sharpen,0.0
mattock,0
blacksmith,0
zeboim,0
raider,0
foolishli,0.0
supplic,0
hole,0.0
danger,0.0
michmash,0
bedan,0
childhood,0.0
grayhead,0
renew,0
nahash,0
valiant,0
royalti,0
matri,0
tribul,0
tambourin,0
garrison,0
string,0
zelzah,0
flask,0
awhil,0
hall,0
smallest,0.0
seer,0
worri,0.0
shalisha,0
shaalim,0
handsom,0
kish,0
abiel,0
zeror,0
aphiah,0
bechorath,0
finest,0
equip,0.0
forewarn,0
dishonest,0.0
abijah,0
joel,0
circuit,0
shen,0
car,0
suckl,0
abinadab,0
chest,0.0
chanc,0.0
calv,0
hitch,0
rat,0
stricken,0
deadli,0
harsh,0
ravag,0.0
torso,0
ichabod,0
waysid,0
dirt,0
shook,0
loudli,0
ebenez,0
tingl,0
rare,0.0
widespread,0.0
priestli,0
lightli,0
statur,0
loan,0.0
caldron,0
kettl,0
prong,0
fleshhook,0
beggar,0.0
world,0.0
hungri,0.0
action,0.0
arrog,0.0
smile,0.0
wean,0.0
samuel,0
petit,0
miser,0.0
hophni,0
eli,0
hannah,0
peninnah,0
ramathaim,0
jeroham,0
zuph,0
elihu,0
tohu,0
salmon,0
jess,0
obe,0
nourish,0
famou,0
ruin,0.0
inform,0.0
conclud,0
shawl,0
startl,0
winnow,0
mealtim,0
notic,0.0
reaper,0
boaz,0
moabitess,0
mara,0
excit,0
clung,0.0
hope,0.0
chilion,0
surviv,0.0
mahlon,0
ruth,0
orpah,0
naomi,0
elimelech,0
lebonah,0
jabesh,0
easili,0.0
trampl,0
panick,0
column,0.0
reli,0.0
burst,0.0
array,0
breadth,0
sling,0
occur,0.0
lewd,0
outrag,0
ravish,0
soldier,0.0
confer,0
threshold,0
vile,0.0
fodder,0
afternoon,0.0
remot,0.0
jonathan,0
rebuilt,0
lose,0.0
greet,0.0
hesit,0.0
laish,0
danit,0
suit,0.0
shrine,0
silversmith,0
micah,0
brace,0
lean,0.0
station,0.0
fetter,0.0
grinder,0
shake,0.0
lull,0
shaven,0
pester,0
vex,0
wove,0
tightli,0
batten,0
loom,0
web,0.0
strand,0
bowstr,0
weak,0.0
sorek,0
delilah,0
gatepost,0
daylight,0
ramath,0
jawbon,0
arrest,0
lehi,0
etam,0
timnit,0
shock,0
fox,0
apparel,0
sweeter,0
solv,0
last,0.0
eater,0
pose,0
riddl,0
mightili,0
roar,0.0
occas,0.0
mahaneh,0
samson,0
wondrou,0
detain,0.0
manoah,0
pirathon,0
hillel,0
pirathonit,0
ibzan,0
ephraimit,0
zaphon,0
low,0.0
minnith,0
keramim,0
recov,0
peaceabl,0
tob,0
raid,0.0
jephthah,0
miseri,0.0
maonit,0
syria,0
camon,0
dodo,0
armorbear,0
skull,0
thebez,0
zalmon,0
arumah,0
center,0.0
opportun,0.0
rush,0.0
zebul,0
trod,0
ebe,0
gaal,0
confid,0.0
aid,0
crime,0.0
ill,0.0
treacher,0.0
risk,0
shade,0.0
brambl,0
cheer,0
sway,0.0
millo,0
jotham,0
reckless,0
berith,0
tomb,0
crescent,0
pendant,0
gladli,0.0
jether,0
resembl,0.0
ridicul,0.0
interrog,0
karkor,0
brier,0
zebah,0
zalmunna,0
exhaust,0.0
comparison,0
zeeb,0
oreb,0
barah,0
tabbath,0
meholah,0
zererah,0
overturn,0
collaps,0
tumbl,0.0
outpost,0
purah,0
retain,0.0
lap,0
harod,0
wrung,0
squeez,0
jerubba,0
broth,0
weakest,0.0
abiezrit,0
gideon,0
joash,0
impoverish,0
den,0
stronghold,0
embroid,0
embroideri,0
looter,0
wisest,0
ladi,0.0
lattic,0
clatter,0
workmen,0
lordli,0
cream,0
meroz,0
steed,0
gallop,0.0
pound,0
swept,0
torrent,0
cours,0
jeopard,0
battlefield,0.0
inlet,0
pipe,0
resolv,0.0
awak,0.0
byway,0
shamgar,0
gush,0.0
asleep,0.0
softli,0
jug,0
blanket,0
jael,0
alight,0
hobab,0
zaanaim,0
kishon,0
abinoam,0
barak,0
deploy,0
lapidoth,0
hagoyim,0
harosheth,0
sisera,0
stout,0
seirah,0
embarrass,0
key,0.0
surpris,0.0
porch,0
hilt,0
blade,0
upstair,0
silenc,0
dagger,0
ehud,0
benjamit,0
cushan,0
rishathaim,0
asherah,0
immedi,0.0
revert,0.0
despoil,0
ashtoreth,0
dismiss,0
bochim,0
sela,0
shaalbim,0
here,0
anath,0
asherit,0
ahlab,0
acco,0
aphik,0
helbah,0
kitron,0
nahalol,0
ashkelon,0
zephath,0
scrap,0
bezek,0
plot,0.0
outliv,0
gaash,0
oak,0
replica,0
frontier,0
impress,0.0
mephaath,0
dimnah,0
kartah,0
galile,0
hammoth,0
kartan,0
mishal,0
abdon,0
daberath,0
eshterah,0
tanach,0
kibzaim,0
anathoth,0
geba,0
eshtemoa,0
slayer,0
timnath,0
leshem,0
joppa,0
rakkon,0
jarkon,0
berak,0
jehud,0
gibbethon,0
eltekeh,0
shaalabbin,0
jethlah,0
adamah,0
zer,0
hammath,0
rakkath,0
ziddim,0
aznoth,0
hukkok,0
zaanannim,0
lakkum,0
heleph,0
nekeb,0
adami,0
ummah,0
hosah,0
tyre,0
hammon,0
ebron,0
neiel,0
bypass,0
cabul,0
helkath,0
beten,0
hali,0
shahazimah,0
tabor,0
pazzez,0
remeth,0
haddah,0
kishion,0
abez,0
rabbith,0
shion,0
anaharath,0
haphraim,0
shunem,0
chesulloth,0
nahal,0
idalah,0
kattath,0
jiphthah,0
hannathon,0
neah,0
eth,0
kazin,0
dabbasheth,0
maralah,0
baalath,0
sharuhen,0
lebaoth,0
susah,0
marcaboth,0
bethul,0
balah,0
gibeath,0
zelah,0
eleph,0.0
jebu,0
taralah,0
irpeel,0
mozah,0
chephirah,0
beeroth,0
ramah,0
chephar,0
gaba,0
ophni,0
haammoni,0
ophrah,0
parah,0
zemaraim,0
keziz,0
emek,0
bay,0
geliloth,0
survey,0
ibleam,0
shean,0
hilli,0
shemida,0
abiez,0
kanah,0
naarah,0
taanath,0
janohah,0
michmethath,0
archit,0
nibshan,0
gedi,0
secacah,0
middin,0
anoth,0
eltekon,0
maarath,0
gibeah,0
jezreel,0
jokdeam,0
maon,0
juttah,0
zior,0
humtah,0
janum,0
aphekah,0
eshean,0
holon,0
giloh,0
eshtemoh,0
sannah,0
dannah,0
sochoh,0
jattir,0
shamir,0
mareshah,0
achzib,0
keilah,0
ashan,0
ether,0
gederoth,0
naamah,0
dagon,0
lahma,0
kithlish,0
cabbon,0
bozkath,0
joktheel,0
dilean,0
hadashah,0
zenan,0
migdal,0
gederah,0
gederothaim,0
adithaim,0
sharaim,0
socoh,0
enam,0
gannim,0
zanoah,0
eshtaol,0
ashnah,0
zorah,0
ziklag,0
sansannah,0
madmannah,0
chesil,0
eltolad,0
ezem,0
bizjothjah,0
shual,0
gaddah,0
pelet,0
heshmon,0
moladah,0
shema,0
amam,0
hadattah,0
kerioth,0
ziph,0
bealoth,0
telem,0
ithnan,0
adadah,0
dimonah,0
kinah,0
kabzeel,0
jagur,0
persuad,0
othniel,0
achsah,0
sepher,0
coastlin,0
jabneel,0
shicron,0
chesalon,0
jearim,0
baalah,0
nephtoah,0
hinnom,0
rogel,0
shemesh,0
adummim,0
en,0
bohan,0
adar,0
karkaa,0
extrem,0.0
distribut,0.0
area,0.0
zereth,0
shahar,0
sibmah,0
gebalit,0
mearah,0
gittit,0
avit,0
ashdodit,0
sihor,0
ekron,0
gazit,0
ashkelonit,0
ekronit,0
carmel,0
kedesh,0
jokneam,0
taanach,0
megiddo,0
meron,0
lasharon,0
aphek,0
tappuah,0
adullam,0
geder,0
jeshimoth,0
ashdod,0
gath,0
anab,0
captur,0.0
halak,0
mound,0
misrephoth,0
hamstr,0
merom,0
chinneroth,0
dor,0
jabin,0
madon,0
hazor,0
achshaph,0
horam,0
gezer,0
jasher,0
aijalon,0
hailston,0.0
makkedah,0
horon,0
azekah,0
rout,0
lachish,0
jarmuth,0
debir,0
japhia,0
eglon,0
piram,0
hoham,0
zedek,0
adoni,0
carrier,0.0
woodcutt,0
patch,0
moldi,0
wineskin,0
craftili,0
ambassador,0
mend,0
pretend,0.0
gibeon,0
lowland,0
spear,0.0
muster,0
ambush,0.0
achor,0
clan,0
stuff,0
descent,0
shebarim,0
aven,0
achan,0
zabdi,0
foundat,0.0
treasuri,0.0
circl,0.0
straight,0.0
secur,0.0
parch,0
knive,0
flint,0
gilgal,0
zaretan,0
upstream,0
pursuer,0
rope,0.0
token,0
flax,0
rahab,0
arisen,0
vigor,0
majesti,0
etern,0.0
partak,0
shelter,0.0
loin,0.0
whet,0
glitter,0
bond,0.0
hasten,0.0
venom,0
cobra,0
gall,0
flight,0
surrend,0.0
misunderstand,0
poison,0
disast,0.0
spurn,0
provoc,0
unmind,0
kick,0
esteem,0
obes,0
forsook,0
jeshurun,0
scorn,0.0
curd,0
appl,0
encircl,0
howl,0
unwis,0
foolish,0.0
rebellion,0.0
behavior,0.0
announc,0.0
mysteri,0
farthest,0.0
uproot,0.0
indign,0
advers,0.0
wormwood,0
root,0.0
worn,0
perceiv,0
extraordinari,0
placenta,0
ventur,0
tender,0.0
sensit,0
desper,0
strait,0
trust,0.0
elderli,0.0
swift,0.0
drop,0.0
byword,0
violent,0.0
noonday,0
grope,0
mad,0
itch,0
tumor,0
frighten,0.0
troublesom,0
powder,0.0
inflamm,0
scorch,0.0
mildew,0
consumpt,0
cling,0.0
do,0
contempt,0
craftsman,0
secret,0.0
whitewash,0
lime,0
straggler,0
tire,0.0
lengthen,0
bag,0.0
genit,0
muzzl,0
exceed,0.0
kidnapp,0
upper,0.0
busi,0.0
certif,0
contain,0.0
voluntarili,0
abstain,0.0
lent,0
ritual,0.0
occurr,0
illegitim,0
mutil,0
emascul,0
countrysid,0
conduct,0.0
parapet,0
glutton,0
drunkard,0
statu,0.0
bequeath,0.0
brutal,0
nail,0
trim,0
assault,0
siegework,0
sieg,0
wield,0
besieg,0.0
faintheart,0
verg,0.0
wrongdo,0
landmark,0
ax,0
handl,0.0
swing,0
stroke,0
slip,0
spiritist,0
conjur,0
spell,0
omen,0.0
witchcraft,0.0
fleec,0
cheek,0
copi,0.0
instruct,0.0
sentenc,0.0
degre,0.0
controversi,0
twist,0.0
sickl,0
overnight,0
liber,0
needi,0.0
borrow,0
owe,0.0
debt,0.0
alien,0
roe,0
antelop,0
street,0.0
ensnar,0
displac,0.0
gazel,0
alik,0.0
abid,0.0
gerizim,0
tread,0.0
veget,0.0
overflow,0
administ,0
highest,0.0
gudgodah,0
moserah,0
stead,0
hew,0
displeasur,0
rebelli,0.0
scorpion,0
thirsti,0.0
flinti,0
copper,0
scarciti,0
chasten,0
proce,0
allow,0.0
accurs,0
detest,0.0
inflict,0
unabl,0.0
piti,0
slack,0
conquer,0
sion,0
manassit,0
ramoth,0
plateau,0
bezer,0
golan,0
trial,0.0
forsak,0
prolong,0.0
corruptli,0
figur,0
grandchildren,0
taught,0.0
fast,0.0
lebanon,0
valor,0.0
arabah,0
geshurit,0
maachathit,0
gadit,0
rabbah,0
bedstead,0
salcah,0
sidonian,0
sirion,0
senir,0
hermon,0
rural,0
argob,0
ravin,0
obstin,0.0
strictli,0
kedemoth,0
engag,0.0
caphtor,0
avim,0
zamzummim,0
ammonit,0
final,0.0
tall,0.0
elath,0
trudg,0
meddl,0
footstep,0.0
skirt,0
bee,0.0
encourag,0.0
terrifi,0.0
anakim,0
taller,0
problem,0
ashtaroth,0
edrei,0
fortieth,0
dizahab,0
suph,0
tophel,0
pollut,0
penalti,0.0
limit,0.0
hurl,0.0
hatr,0.0
accident,0
proport,0
refug,0.0
manslay,0
outward,0
pedahel,0
ahihud,0
shelomi,0
azzan,0
paltiel,0
parnach,0
shiphtan,0
hanniel,0
bukki,0
jogli,0
chislon,0
elidad,0
shemuel,0
chinnereth,0
ain,0.0
riblah,0
shepham,0
ziphron,0
zedad,0
northern,0
line,0.0
western,0.0
addar,0
hazar,0
azmon,0
ascent,0.0
akrabbim,0
southern,0
irrit,0
demolish,0.0
jesimoth,0
diblathaim,0
almon,0
ijim,0
punon,0
zalmonah,0
ezion,0
geber,0
abronah,0
jotbathah,0
hagidgad,0
jaakan,0
bene,0
moseroth,0
hashmonah,0
mithkah,0
makheloth,0
tahath,0
haradah,0
shepher,0
kehelathah,0
rissah,0
libnah,0
rimmon,0
rithmah,0
alush,0
dophkah,0
bold,0
kenath,0
nobah,0
jair,0
havoth,0
dispossess,0
shibmah,0
meon,0
kirjathaim,0
beth,0
shophan,0
jogbehah,0
atroth,0
aroer,0
bashan,0
og,0
fold,0
note,0.0
eastern,0.0
sheepfold,0
brood,0
kenizzit,0
barnea,0
shebam,0
ataroth,0
beon,0
elealeh,0
nebo,0
nimrah,0
region,0.0
armlet,0
miss,0.0
tribut,0
tin,0
girl,0.0
intim,0.0
counsel,0.0
booti,0.0
rekem,0
evi,0
zur,0
reba,0
signal,0
recruit,0
rash,0
overrul,0
agreement,0.0
regular,0
inaugur,0
libnit,0
korathit,0
merarit,0
larger,0
smaller,0.0
jezerit,0
shillemit,0
heberit,0
malchielit,0
jimnit,0
jesuit,0
beriit,0
jimna,0
jesui,0
shuham,0
shuhamit,0
ardit,0
naamit,0
hupham,0
shuphamit,0
shupham,0
huphamit,0
belait,0
ahiramit,0
ahiram,0
ashbelit,0
eranit,0
eran,0
tahanit,0
tahan,0
bachrit,0
shuthalhit,0
shuthelah,0
hepher,0
hoglah,0
zelophehad,0
mahlah,0
tirzah,0
asriel,0
asrielit,0
shechemit,0
jeezerit,0
jeezer,0
helek,0
helekit,0
machirit,0
gileadit,0
zebulunit,0
sardit,0
elonit,0
jahleelit,0
shimronit,0
jashubit,0
jashub,0
tolait,0
punit,0
hamulit,0
parzit,0
shelanit,0
arod,0
arodit,0
arelit,0
ozni,0
erit,0
oznit,0
zephonit,0
haggit,0
shunit,0
zarhit,0
shaulit,0
jaminit,0
nemuelit,0
jachinit,0
nemuel,0
reubenit,0
hezronit,0
carmit,0
palluit,0
hanochit,0
cozbi,0
scheme,0.0
harass,0
simeonit,0
zimri,0
salu,0
zeal,0
javelin,0
coast,0
cypru,0
ala,0.0
kain,0
nest,0
valiantli,0
advis,0.0
higher,0.0
agag,0
alo,0
overlook,0.0
peor,0
lioness,0
sorceri,0.0
revers,0.0
zophim,0
oracl,0
denounc,0.0
extent,0.0
huzoth,0
earnestli,0.0
boundari,0
drawn,0
flat,0
ridden,0
dispos,0.0
abus,0.0
push,0.0
narrow,0.0
adversari,0
overpow,0
fee,0
balaam,0
pethor,0
lick,0
balak,0
zippor,0
jericho,0
survivor,0.0
jazer,0
medeba,0
dibon,0
nophah,0
woe,0.0
chemosh,0
repair,0.0
proverb,0
villag,0
heshbon,0
sihon,0
jahaz,0
wasteland,0
pisgah,0
bamoth,0
nahaliel,0
stave,0
mattanah,0
slope,0
ar,0.0
suphah,0
waheb,0
arnon,0
zere,0
abarim,0
sunris,0.0
ije,0
oboth,0
bitten,0
fieri,0
bit,0.0
worthless,0.0
discourag,0.0
atharim,0
road,0.0
arad,0
hor,0
passag,0.0
directli,0
heifer,0
winepress,0
render,0.0
sprout,0
bud,0
rid,0
incid,0.0
begun,0.0
blaze,0.0
fate,0.0
abiram,0
dathan,0
inclin,0.0
tassel,0
stick,0
presumptu,0.0
unintend,0
hormah,0
presum,0
mountaintop,0
infidel,0.0
brunt,0
entir,0
fulli,0.0
fame,0
disinherit,0
delight,0.0
victim,0.0
overcom,0.0
quiet,0.0
amalekit,0
fortifi,0
fig,0.0
cluster,0.0
ahiman,0
zoan,0
sheshai,0
anak,0
talmai,0
rehob,0
hamath,0
zin,0
forest,0.0
courag,0.0
ripe,0.0
nahbi,0
vophsi,0
sethur,0
michael,0.0
ammiel,0
gemal,0
susi,0
gaddi,0
sodi,0
gaddiel,0
hoshea,0
igal,0
jephunneh,0
caleb,0
shaphat,0
shammua,0
zaccur,0
hazeroth,0
say,0
ethiopian,0
kibroth,0
hattaavah,0
flutter,0
zealou,0.0
forbid,0.0
eldad,0
list,0
medad,0
shorten,0.0
loathsom,0.0
wretched,0
pastri,0
millston,0
intens,0.0
crave,0
taberah,0
quench,0
outskirt,0
march,0.0
twentieth,0
alarm,0
direct,0.0
movement,0.0
rite,0.0
pertain,0
ceremoni,0
apiec,0
twelfth,0
eleventh,0
ammishaddai,0
ahiez,0
platter,0
shine,0.0
lock,0.0
razor,0
grapevin,0
similar,0.0
juic,0
fresh,0.0
vinegar,0
raisin,0
nazirit,0
stomach,0.0
amen,0
rot,0
jealousi,0
assign,0.0
fork,0
shovel,0
implement,0
firepan,0
beam,0
insert,0
excess,0.0
abihail,0
zuriel,0
mahlit,0
mushit,0
elizaphan,0
hebronit,0
kohathit,0
uzzielit,0
izharit,0
amramit,0
lael,0
gershonit,0
izehar,0
shimei,0
emblem,0
standard,0.0
attend,0.0
repres,0.0
ancestri,0
divis,0
leader,0.0
enan,0
ahira,0
deuel,0
eliasaph,0
pagiel,0
ocran,0
abidan,0
gideoni,0
elishama,0
ammihud,0
gamaliel,0
pedahzur,0
helon,0
eliab,0
nethanel,0
zuar,0
zurishaddai,0
shelumiel,0
shedeur,0
elizur,0
individu,0.0
tith,0
ban,0
destruct,0.0
wish,0.0
deduct,0
barley,0
homer,0
valu,0
abil,0.0
humbl,0.0
unfaith,0.0
faint,0
shaken,0.0
fragranc,0.0
lifeless,0
chastis,0
satisfi,0.0
contrari,0.0
highway,0
spent,0.0
pride,0.0
iron,0.0
wast,0.0
fever,0
confirm,0.0
chase,0.0
vintag,0
rear,0.0
yearli,0
redempt,0.0
member,0.0
compel,0.0
usuri,0.0
space,0
sale,0
perman,0.0
safeti,0.0
fewer,0.0
fiftieth,0
jubile,0
accord,0.0
untend,0
prune,0
fractur,0
shelomith,0
dibri,0
blasphem,0
leafi,0
willow,0
celebr,0
ninth,0
blow,0.0
loav,0
fifteenth,0
crush,0.0
maim,0
ulcer,0
corps,0.0
dedic,0.0
hunchback,0
eunuch,0
eczema,0
dwarf,0
lame,0.0
mar,0
limb,0.0
succeed,0.0
defect,0.0
divorc,0.0
nearest,0.0
abhor,0
adulter,0
adulteress,0
volum,0
medium,0
familiar,0
prostitut,0.0
tattoo,0
disfigur,0
soothsay,0.0
freedom,0.0
scourg,0.0
breed,0.0
grudg,0.0
talebear,0
stumbl,0.0
block,0.0
cheat,0.0
rob,0.0
glean,0
rever,0.0
vomit,0
mate,0
pervers,0.0
molech,0
rival,0
begotten,0.0
kin,0
demon,0
uninhabit,0.0
suitabl,0
coal,0
scapegoat,0
attir,0
indispos,0
emiss,0
semen,0
spit,0
discharg,0.0
timber,0
scrape,0
plaster,0
ingrain,0
own,0.0
usual,0.0
afford,0.0
log,0
eyebrow,0
hyssop,0
cedar,0
disappear,0.0
damag,0.0
activ,0.0
greenish,0
wool,0.0
leather,0
woof,0
warp,0
woolen,0
leper,0.0
bare,0.0
mustach,0
fallen,0.0
bald,0
specif,0
standstil,0
black,0.0
scali,0
yellow,0.0
beard,0.0
scar,0
reddish,0
develop,0.0
swell,0.0
leprosi,0
scab,0
fade,0.0
bright,0.0
isol,0
examin,0.0
deeper,0
purif,0.0
customari,0
impur,0
crawl,0
cistern,0
stove,0
edibl,0
item,0
chameleon,0
monitor,0
gecko,0
reptil,0
mole,0
mous,0
lizard,0
cricket,0
grasshopp,0
insect,0
four,0
bat,0
hoopo,0.0
stork,0
heron,0
carrion,0.0
jackdaw,0
screech,0
fisher,0
gull,0
ostrich,0
owl,0
hawk,0
falcon,0
kite,0
buzzard,0
scale,0.0
fin,0
swine,0.0
hare,0
hyrax,0
hoov,0
chew,0
cud,0
cloven,0
befallen,0.0
inquiri,0
due,0.0
unholi,0
distinguish,0.0
intox,0.0
bewail,0
uncl,0.0
censer,0
eighth,0.0
natur,0.0
imput,0
voluntari,0
thanksgiv,0
blend,0
scour,0
rins,0
earthen,0
wholli,0
hearth,0
safekeep,0
extort,0
forbidden,0.0
valuat,0
prescrib,0.0
confess,0.0
pronounc,0
thoughtlessli,0
utter,0.0
forgiven,0.0
unintent,0
backbon,0
flank,0
feather,0
wring,0.0
drain,0
turtledov,0
pigeon,0
onward,0
lit,0.0
hung,0
partit,0.0
tie,0.0
inscript,0.0
plate,0
exquisit,0
short,0.0
jasper,0
beryl,0
enclos,0
sheet,0
bekah,0
inventori,0
mirror,0
midway,0
rim,0
capit,0.0
size,0.0
maker,0
tapestri,0
freewil,0
materi,0.0
spun,0
necklac,0
stir,0.0
shone,0
tenor,0
abib,0
invit,0.0
wooden,0
marvel,0.0
keep,0.0
longsuff,0
cleft,0
proclaim,0.0
grace,0.0
nun,0.0
moment,0.0
stiff,0
bestow,0.0
oppos,0.0
entranc,0.0
shout,0.0
nois,0.0
relent,0.0
proclam,0
fashion,0.0
delay,0.0
tablet,0.0
ministri,0
furnitur,0
ahisamach,0
aholiab,0
jewel,0.0
bezalel,0
uri,0
stact,0
galbanum,0
frankincens,0
onycha,0
composit,0.0
ointment,0
compound,0
art,0.0
perfum,0
cassia,0
liquid,0
cane,0
cinnamon,0
qualiti,0
laver,0
includ,0.0
gerah,0
censu,0
ransom,0.0
strang,0.0
hin,0
cleans,0.0
aton,0
outsid,0
heav,0
wave,0.0
loaf,0
tip,0.0
toe,0
thumb,0
big,0.0
offal,0
liver,0
lobe,0
kidney,0
fatti,0
priesthood,0
gird,0
flour,0
incur,0.0
trouser,0
hat,0
forehead,0.0
bell,0
hem,0
pomegran,0.0
coat,0.0
mail,0.0
tear,0.0
thummim,0
urim,0
seam,0
underneath,0.0
agat,0
amethyst,0
jacinth,0
diamond,0
turquois,0
row,0.0
emerald,0
sardiu,0
topaz,0
span,0.0
fasten,0.0
braid,0
engrav,0
intric,0
workmanship,0
turban,0
robe,0.0
sash,0
wisdom,0.0
artisan,0
behalf,0
peg,0.0
hollow,0.0
grate,0.0
network,0
wide,0.0
screen,0
weaver,0
overlaid,0
hook,0
bar,0.0
tenon,0
board,0.0
remnant,0
outermost,0
forefront,0
coupl,0.0
clasp,0
yarn,0.0
likewis,0
outer,0
selvedg,0
loop,0
design,0.0
woven,0
curtain,0.0
weav,0
artist,0
talent,0.0
utensil,0
trimmer,0
tray,0
arrang,0.0
lamp,0.0
extend,0.0
blossom,0.0
knob,0
lampstand,0
flower,0
shaft,0
ornament,0.0
showbread,0
dish,0.0
pan,0
holder,0
handbreadth,0
frame,0
tabl,0.0
cherub,0
hammer,0
seat,0.0
pole,0
corner,0.0
mold,0
overlay,0
pure,0.0
tabernacl,0
pattern,0
furnish,0.0
ephod,0
breastplat,0
incens,0
badger,0
acacia,0
dy,0
purpl,0
blue,0.0
bronz,0
willingli,0.0
assist,0.0
nobl,0.0
clariti,0
sapphir,0
pave,0.0
read,0.0
basin,0.0
sprinkl,0
wrote,0.0
numer,0.0
desol,0
hornet,0
miscarriag,0
pardon,0.0
provok,0
transgress,0.0
sown,0
ingath,0
firstfruit,0
circumspect,0
grove,0.0
fallow,0
bribe,0.0
justifi,0.0
refrain,0
help,0.0
partial,0
pervert,0.0
testifi,0.0
crowd,0.0
circul,0.0
unright,0.0
throw,0.0
revil,0.0
moneylend,0
interest,0.0
lend,0.0
fatherless,0
mistreat,0
sorceress,0
permit,0.0
bride,0
entic,0
stack,0
catch,0.0
graze,0.0
restitut,0
theft,0.0
thief,0.0
bloodsh,0.0
dig,0.0
thrust,0
owner,0.0
gore,0.0
tooth,0.0
knock,0
stripe,0
impos,0.0
prematur,0
acquit,0.0
fist,0
kidnap,0
treacheri,0.0
premedit,0
diminish,0
right,0.0
betroth,0
awl,0
pierc,0.0
plainli,0.0
free,0.0
expos,0.0
step,0.0
tool,0
profan,0
hewn,0
flash,0.0
adulteri,0.0
murder,0.0
hallow,0
vain,0.0
guiltless,0
jealou,0.0
carv,0.0
gaze,0.0
louder,0
quak,0.0
lightn,0.0
trumpet,0.0
arrow,0.0
base,0.0
special,0.0
eagl,0
sinai,0.0
easier,0.0
covet,0
wear,0.0
inquir,0.0
behav,0.0
proudli,0.0
banner,0
remembr,0.0
utterli,0.0
blot,0
write,0.0
recount,0
steadi,0
hur,0
choos,0.0
joshua,0
fought,0.0
meribah,0
massah,0
rock,0.0
thirst,0.0
tempt,0.0
contend,0
rephidim,0
testimoni,0.0
coriand,0
manna,0.0
tast,0.0
wafer,0
hot,0.0
notwithstand,0
worm,0
bred,0
omer,0
layer,0.0
round,0
substanc,0.0
quail,0.0
complaint,0.0
hunger,0.0
pot,0.0
meat,0.0
elim,0
palm,0.0
diseas,0
dilig,0
sweet,0.0
complain,0.0
marah,0
prophetess,0
danc,0
miriam,0
melt,0
philistia,0
habit,0.0
congeal,0
overthrown,0
gloriou,0.0
dash,0
bottom,0.0
sank,0
depth,0
chosen,0.0
exalt,0.0
sang,0
thrown,0.0
glorious,0
wheel,0.0
difficulti,0.0
forward,0.0
accomplish,0.0
bewild,0.0
migdol,0
zephon,0
hahiroth,0
pi,0
etham,0
rank,0.0
orderli,0
frontlet,0
stubborn,0
consecr,0.0
sojourn,0
dough,0
mix,0.0
request,0.0
pick,0.0
convoc,0
leaven,0
ordin,0
execut,0.0
belt,0
passov,0
leg,0.0
raw,0
entrail,0
roast,0.0
lintel,0
doorpost,0
twilight,0
blemish,0.0
congreg,0
dog,0.0
handmil,0
throne,0.0
midnight,0
articl,0
hoof,0.0
blew,0.0
darken,0.0
bewar,0.0
snare,0.0
locust,0.0
late,0.0
crop,0.0
spelt,0
broke,0.0
mingl,0
dart,0
thunder,0.0
hail,0
heavi,0.0
declar,0.0
sore,0
boil,0.0
let,0
sacrif,0.0
thick,0.0
swarm,0
finger,0.0
lice,0.0
relief,0.0
courtyard,0.0
tomorrow,0.0
entreat,0
bowl,0
bedroom,0
territori,0.0
frog,0.0
smite,0.0
stank,0
pond,0
pool,0.0
bucket,0.0
loath,0
stink,0
swallow,0.0
threw,0.0
sorcer,0
enchant,0
putiel,0
phineha,0
korahit,0
elkanah,0
abiasaph,0
assir,0
elisheba,0
eleazar,0
ithamar,0
abihu,0
nadab,0
nahshon,0
amminadab,0
zithri,0
mishael,0
elzaphan,0
zichri,0
nepheg,0
jocheb,0
mushi,0
mahli,0
uzziel,0
amram,0
izhar,0
shimi,0
libni,0
heritag,0.0
outstretch,0.0
rescu,0.0
drive,0.0
abhorr,0
reduc,0.0
idl,0.0
beaten,0
yesterday,0
task,0.0
quota,0
daili,0
stubbl,0
regard,0.0
pestil,0
sharp,0
harden,0.0
spokesman,0
levit,0
kindl,0.0
teach,0.0
mute,0
deaf,0.0
tongu,0.0
eloqu,0
slow,0.0
bosom,0.0
leprou,0
snow,0
tail,0
memori,0.0
oppress,0.0
bush,0
jethro,0
horeb,0
desert,0.0
groan,0.0
gershom,0
content,0.0
zipporah,0
strike,0.0
companion,0.0
beat,0.0
mose,0.0
babi,0.0
compass,0.0
riversid,0
bath,0.0
maiden,0.0
reed,0
daub,0
bulrush,0
duti,0.0
birthstool,0
midwiv,0
puah,0
shiphrah,0
bondag,0
rigor,0
suppli,0.0
raams,0
taskmast,0
pithom,0
event,0.0
shrewdli,0
coffin,0
machir,0
meant,0.0
beg,0.0
repay,0
lament,0.0
solemn,0.0
atad,0
floor,0.0
thresh,0
horsemen,0
past,0.0
embalm,0
physician,0
wolf,0
spoil,0.0
crown,0
utmost,0
ancestor,0
breast,0.0
beneath,0.0
strong,0.0
shot,0
bitterli,0.0
bough,0
loos,0.0
deer,0
dainti,0
royal,0
tramp,0
troop,0
rider,0
viper,0
bite,0.0
tribe,0.0
burden,0.0
band,0.0
adjoin,0
ship,0.0
haven,0
teeth,0
darker,0
whiter,0
shiloh,0
lawgiv,0
obedi,0.0
scepter,0
whelp,0
rous,0.0
prey,0.0
cruel,0
wrath,0.0
fierc,0.0
slew,0.0
honor,0.0
council,0
unit,0.0
hamstrung,0
ox,0
cruelti,0.0
instrument,0
unstabl,0
couch,0.0
excel,0.0
digniti,0.0
knowingli,0.0
strengthen,0.0
sick,0.0
bed,0.0
fifth,0
allot,0
ration,0
exchang,0.0
languish,0
situat,0.0
rames,0
pilgrimag,0.0
attain,0.0
compet,0.0
occup,0
point,0.0
jezer,0
guni,0
jahzeel,0
shillem,0
hushim,0
becher,0
naaman,0
ard,0
huppim,0
muppim,0
ashbel,0
rosh,0
gera,0
ehi,0
belah,0
sixteen,0
isui,0
heber,0
malchiel,0
beriah,0
jimnah,0
ishuah,0
serah,0
are,0
haggi,0
eri,0
shuni,0
ziphion,0
arodi,0
ezbon,0
sere,0
jahleel,0
job,0.0
tola,0
shimron,0
puvah,0
hamul,0
kohath,0
merari,0
gershon,0
jemuel,0
jamin,0
shaul,0
jachin,0
ohad,0
hezron,0
pallu,0
carmi,0
reviv,0.0
concern,0.0
cart,0
poverti,0.0
goshen,0
tarri,0.0
deliver,0
plow,0
dismay,0
aloud,0.0
speedili,0
slave,0.0
divin,0.0
practic,0.0
repaid,0
merri,0
astonish,0
sought,0.0
chamber,0.0
yearn,0.0
graciou,0.0
health,0.0
treasur,0.0
weight,0.0
sir,0
dine,0
steward,0
slaughter,0.0
noon,0.0
oversight,0
doubl,0.0
vessel,0
almond,0
pistachio,0
nut,0
honey,0.0
linger,0.0
sureti,0
possibl,0.0
pointedli,0
solemnli,0.0
hair,0.0
surprisingli,0
bundl,0
fail,0.0
encamp,0
load,0.0
sack,0
understood,0
anguish,0.0
guilti,0.0
verifi,0
youngest,0
honest,0
spi,0.0
roughli,0
governor,0
calam,0.0
befal,0.0
buy,0.0
storehous,0
famish,0
ephraim,0
manasseh,0
immeasur,0
paaneah,0
zaphnath,0
poti,0
pherah,0
asenath,0
chariot,0
ride,0.0
knee,0
linen,0
chain,0.0
advic,0.0
perish,0.0
store,0.0
select,0.0
discern,0.0
shortli,0
repeat,0.0
forgotten,0.0
deplet,0
wither,0.0
poor,0.0
meadow,0
shave,0
fault,0.0
thin,0
sprang,0
blight,0
plump,0
stalk,0.0
suddenli,0.0
ugli,0
gaunt,0
bank,0.0
forgot,0.0
butlership,0
birthday,0
hang,0.0
uppermost,0.0
basket,0
dungeon,0
cup,0.0
grape,0.0
vine,0.0
sad,0.0
interpret,0.0
custodi,0.0
butler,0
baker,0
prison,0.0
confin,0.0
loud,0.0
overs,0
unexpectedli,0
breach,0
perez,0
scarlet,0
acknowledg,0.0
determin,0.0
harlotri,0
roadsid,0
openli,0.0
widowhood,0
signet,0
cord,0
pledg,0.0
harlot,0
timnah,0
sheepshear,0
widow,0.0
emit,0
tamar,0
chezib,0
shelah,0
onan,0
er,0.0
shua,0
adullamit,0
hirah,0
offic,0.0
captain,0
potiphar,0
refus,0.0
waist,0
tore,0.0
sackcloth,0
torn,0.0
dip,0
trader,0
midianit,0
pull,0.0
conceal,0.0
profit,0.0
spice,0
myrrh,0
ishmaelit,0
balm,0
strip,0.0
dreamer,0
conspir,0
dothan,0
seek,0.0
moon,0.0
sheav,0
upright,0.0
sheaf,0
bind,0.0
color,0.0
seventeen,0
magdiel,0
iram,0
mibzar,0
elah,0
pinon,0
matr,0
mezahab,0
pau,0
mehetabel,0
baal,0
hanan,0
achbor,0
masrekah,0
samlah,0
avith,0
bedad,0
hadad,0
temanit,0
husham,0
bozrah,0
dinhabah,0
beor,0
reign,0
aran,0
akan,0
zaavan,0
bilhan,0
eshban,0
cheran,0
hemdan,0
ithran,0
pastur,0.0
ajah,0
ebal,0
shepho,0
alvan,0
manahath,0
onam,0
hori,0
hemam,0
dishon,0
dishan,0
ezer,0
lotan,0
shobal,0
horit,0
mizzah,0
shammah,0
zerah,0
nahath,0
timna,0
amalek,0
kenaz,0
teman,0
gatam,0
omar,0
zepho,0
reuel,0
eliphaz,0
edomit,0
korah,0.0
jeush,0
jaalam,0
basemath,0
anah,0
aholibamah,0
elon,0
zibeon,0
gad,0
eder,0
bethlehem,0
oni,0
midwif,0
childbirth,0
ephrath,0
proceed,0.0
bachuth,0
allon,0
deborah,0
terror,0.0
ear,0.0
purifi,0.0
obnoxi,0
troubl,0.0
slain,0.0
plunder,0
edg,0
boldli,0.0
condit,0.0
consent,0
trade,0.0
marriag,0.0
defil,0
held,0.0
violat,0.0
erect,0
el,0
eloh,0
parcel,0
hamor,0
safe,0.0
succoth,0
booth,0
lead,0.0
ahead,0
slowli,0.0
pace,0
endur,0.0
gracious,0.0
muscl,0
shrank,0
limp,0
penuel,0
peniel,0
struggl,0.0
socket,0
hip,0
joint,0
brook,0
ford,0
jabbok,0
eleven,0
appeas,0.0
front,0.0
foal,0
bull,0
colt,0
cow,0.0
present,0.0
worthi,0.0
staff,0.0
compani,0.0
distress,0.0
seir,0
camp,0
mahanaim,0
met,0.0
watch,0.0
absent,0.0
mizpah,0
sahadutha,0
jegar,0
gale,0.0
heap,0.0
mine,0.0
labor,0.0
fourteen,0
frost,0
drought,0
miscarri,0
hotli,0
trespass,0
manner,0.0
search,0.0
identifi,0
steal,0.0
song,0
secretli,0.0
timbrel,0
care,0.0
overtook,0
cross,0.0
gilead,0
unknown,0.0
stole,0
shear,0
carri,0.0
anoint,0
vow,0.0
leap,0
gray,0
chang,0.0
stronger,0.0
feebler,0
feebl,0.0
streak,0.0
rod,0
peel,0
gutter,0
fed,0.0
white,0.0
stolen,0.0
speckl,0
spot,0.0
brown,0
amount,0.0
learn,0.0
servic,0.0
joseph,0.0
add,0.0
dinah,0
zebulun,0
endow,0
issachar,0
hire,0.0
wheat,0
harvest,0.0
mandrak,0
asher,0
naphtali,0
wrestl,0
case,0.0
arous,0
prais,0.0
judah,0
levi,0
attach,0.0
simeon,0
reuben,0
unlov,0
bilhah,0
week,0
zilpah,0
delic,0.0
leah,0
wage,0.0
report,0.0
rel,0.0
rachel,0
shepherdess,0
roll,0.0
larg,0.0
luz,0
previous,0.0
awesom,0.0
west,0.0
spread,0.0
ascend,0.0
ladder,0.0
reach,0.0
mahalath,0
addit,0.0
syrian,0
padan,0
take,0.0
bereav,0
forget,0.0
furi,0
intend,0.0
yoke,0
restless,0
sustain,0.0
supplant,0
rightli,0.0
reserv,0.0
deceit,0.0
bitter,0.0
trembl,0.0
scarc,0
dew,0
plenti,0.0
fat,0.0
kiss,0
recogn,0.0
felt,0.0
neck,0.0
deceiv,0.0
smooth,0
kid,0
choic,0.0
savori,0
hunt,0.0
weapon,0
quiver,0
older,0.0
dim,0
grief,0.0
mind,0.0
shebah,0
friend,0.0
ahuzzath,0
sitnah,0
esek,0
quarrel,0.0
run,0.0
mightier,0.0
well,0.0
envi,0.0
reap,0.0
sow,0.0
hundredfold,0
guilt,0.0
lain,0.0
endear,0.0
long,0.0
statut,0
perform,0.0
lentil,0.0
sold,0.0
birthright,0
sell,0.0
edom,0
cook,0.0
stew,0
game,0.0
mild,0
skill,0.0
red,0.0
esau,0
hairi,0
twin,0
fulfil,0.0
birth,0.0
plead,0.0
plea,0
settlement,0.0
jetur,0
naphish,0
kedemah,0
hadar,0
tema,0
massa,0
mishma,0
dumah,0
adbeel,0
mibsam,0
nebajoth,0
kedar,0
maidserv,0
purchas,0.0
sum,0
concubin,0
gift,0.0
ephah,0
abidah,0
eldaah,0
hanoch,0
epher,0
letushim,0
asshurim,0
leummim,0
shuah,0
zimran,0
ishbak,0
medan,0
midian,0.0
jokshan,0
keturah,0
veil,0.0
dismount,0
medit,0
rode,0
hinder,0.0
preciou,0
jewelri,0
bad,0.0
kindli,0.0
hast,0
herd,0
errand,0
unload,0
laban,0
forsaken,0
led,0.0
straw,0.0
feed,0.0
lodg,0.0
half,0.0
nose,0.0
wrist,0
ring,0.0
bracelet,0.0
golden,0.0
prosper,0.0
wonder,0
silent,0.0
empti,0.0
trough,0
virgin,0.0
pitcher,0
come,0.0
success,0.0
draw,0.0
kneel,0.0
mesopotamia,0
master,0.0
releas,0.0
oldest,0
thigh,0
currenc,0
weigh,0.0
merchant,0
worth,0
shekel,0
machpelah,0
price,0.0
ephron,0
zohar,0
burial,0
choicest,0
withhold,0.0
kirjath,0
weep,0.0
arba,0
mourn,0
rebekah,0
jidlaph,0
pildash,0
bethuel,0
hazo,0
chese,0
kemuel,0
huz,0
buz,0
enemi,0.0
seashor,0.0
sand,0.0
sworn,0.0
mount,0.0
thicket,0
ram,0
caught,0.0
horn,0
stretch,0.0
bound,0.0
knife,0
yonder,0
afar,0
saddl,0
split,0
love,0.0
moriah,0
test,0.0
tamarisk,0.0
oath,0.0
beersheba,0
swore,0.0
dug,0
ewe,0.0
lamb,0
wit,0.0
seiz,0.0
fals,0.0
poster,0
phichol,0
armi,0.0
paran,0
archer,0
hold,0.0
ail,0
bowshot,0
distanc,0.0
wept,0.0
death,0.0
boy,0.0
shrub,0
displeas,0.0
bondwoman,0
lad,0
scof,0
nurs,0.0
visit,0.0
womb,0.0
rebuk,0
vindic,0
pleas,0.0
wander,0.0
view,0.0
offend,0
restor,0.0
prophet,0.0
pray,0.0
integr,0
innoc,0.0
dead,0.0
dream,0.0
abimelech,0
ammi,0
ammon,0
ben,0
moab,0
moabit,0
aros,0
preserv,0.0
lineag,0.0
drink,0.0
custom,0.0
cave,0.0
furnac,0
grew,0.0
overthrew,0
fire,0.0
brimston,0
risen,0
arriv,0.0
overthrow,0
shown,0.0
overtak,0
save,0.0
consum,0.0
dawn,0.0
urg,0.0
joke,0
marri,0.0
small,0.0
blind,0.0
weari,0
struck,0.0
hard,0.0
wors,0.0
stay,0.0
deal,0.0
break,0.0
press,0.0
roof,0
shadow,0.0
wickedli,0
doorway,0
shut,0
carnal,0.0
tonight,0
quarter,0.0
surround,0.0
insist,0.0
unleaven,0
strongli,0.0
squar,0
earli,0.0
lack,0.0
ash,0.0
slay,0.0
suppos,0.0
spare,0.0
righteou,0.0
altogeth,0.0
grave,0.0
outcri,0
justic,0.0
hide,0.0
send,0.0
pleasur,0.0
laugh,0.0
advanc,0.0
childbear,0
milk,0.0
prepar,0.0
calf,0.0
butter,0
quickli,0.0
cake,0
knead,0
hurri,0.0
readi,0.0
measur,0.0
meal,0
refresh,0
morsel,0
feet,0.0
bow,0.0
stand,0.0
ran,0.0
heat,0.0
thirteen,0
beget,0.0
isaac,0.0
sarah,0
uncircumcis,0
foreskin,0
money,0.0
foreign,0.0
bought,0.0
circumcis,0
abraham,0.0
blameless,0
almighti,0.0
lahai,0
bere,0
kadesh,0
beer,0
observ,0.0
roi,0
see,0.0
wild,0.0
ishmael,0.0
shur,0
wilder,0
spring,0.0
harshli,0
dealt,0.0
embrac,0.0
despis,0.0
mistress,0
hagar,0
obtain,0.0
maid,0
hittit,0
kenezzit,0
kadmonit,0
kenit,0
smoke,0.0
torch,0.0
oven,0.0
complet,0.0
iniqu,0
peac,0.0
age,0.0
judg,0.0
afflict,0.0
sun,0.0
horror,0.0
vultur,0
carcass,0
middl,0.0
piec,0.0
opposit,0.0
inherit,0.0
righteous,0.0
account,0.0
count,0.0
bodi,0.0
offspr,0.0
eliez,0
heir,0.0
childless,0.0
shield,0.0
vision,0.0
portion,0.0
sandal,0
thread,0
strap,0
rais,0.0
possessor,0
salem,0
melchizedek,0
meet,0.0
defeat,0.0
back,0.0
women,0.0
hobah,0
north,0
pursu,0.0
damascu,0
forc,0.0
dan,0
pursuit,0.0
train,0.0
eighteen,0
escap,0.0
alli,0.0
hebrew,0
eshcol,0
aner,0
provis,0.0
remaind,0
pit,0
full,0.0
battl,0.0
rephaim,0
attack,0.0
zuzim,0
kiriathaim,0
ashteroth,0
emim,0
fourteenth,0
shaveh,0
karnaim,0
rebel,0.0
thirteenth,0
salt,0
valley,0.0
siddim,0
bera,0
bela,0
birsha,0
zoar,0
shinab,0
shemeb,0
chedorlaom,0
amraphel,0
arioch,0
tidal,0
ellasar,0
mamr,0
hebron,0
northward,0
westward,0
southward,0
jordan,0
left,0.0
perizzit,0
herdsmen,0
strife,0
ai,0
bethel,0
rich,0.0
plagu,0
oxen,0
treat,0.0
camel,0.0
commend,0
sister,0.0
egyptian,0.0
famin,0.0
south,0
appear,0.0
shechem,0
terebinth,0
moreh,0
possess,0.0
law,0.0
grandson,0.0
barren,0.0
child,0.0
iscah,0
milcah,0
sarai,0
chaldean,0
ur,0
nativ,0
lot,0.0
abram,0
haran,0
nineteen,0.0
terah,0
nahor,0
serug,0
reu,0
peleg,0
ceas,0
confus,0.0
understand,0.0
propos,0.0
withheld,0
scatter,0.0
abroad,0
tower,0.0
bake,0.0
brick,0.0
mortar,0
asphalt,0
plain,0.0
journey,0.0
sephar,0
mesha,0
ophir,0
jobab,0
joktan,0
obal,0
abimael,0
diklah,0
hadoram,0
uzal,0
salah,0
mash,0.0
hul,0
gether,0
uz,0
elam,0
arphaxad,0
lud,0
aram,0
asshur,0
eber,0
admah,0
gomorrah,0
zeboiim,0
gerar,0
sodom,0
lasha,0
border,0
gaza,0
dispers,0.0
zemarit,0
hamathit,0
arvadit,0
canaanit,0
arkit,0
sinit,0
hivit,0
girgashit,0
jebusit,0
amorit,0
heth,0
firstborn,0
sidon,0
casluhim,0
philistin,0
pathrusim,0
caphtorim,0
naphtuhim,0
ludim,0
anamim,0
lehabim,0
princip,0
resen,0
ir,0
calah,0
nineveh,0
rehoboth,0
calneh,0
erech,0
accad,0
babel,0
shinar,0
kingdom,0.0
hunter,0
nimrod,0
seba,0
sabtechah,0
sheba,0.0
dedan,0
sabtah,0
havilah,0
raamah,0
mizraim,0
languag,0.0
coastland,0
gentil,0
separ,0.0
elishah,0
kittim,0
dodanim,0
tarshish,0
togarmah,0
ashkenaz,0
riphath,0
madai,0
tira,0
tubal,0
meshech,0
javan,0
gomer,0
magog,0.0
enlarg,0
servant,0.0
younger,0
awok,0
backward,0
shoulder,0.0
naked,0.0
drank,0.0
drunk,0.0
uncov,0.0
vineyard,0.0
farmer,0.0
popul,0.0
canaan,0
rainbow,0
cloud,0.0
perpetu,0.0
descend,0.0
abundantli,0.0
shed,0
reckon,0.0
requir,0.0
lifeblood,0
dread,0.0
aroma,0
youth,0.0
smell,0.0
imagin,0
sooth,0
famili,0.0
remov,0.0
anymor,0
pluck,0.0
oliv,0.0
freshli,0
leaf,0.0
wait,0.0
sole,0.0
drew,0.0
foot,0.0
dove,0
raven,0.0
fro,0
top,0.0
tenth,0.0
ararat,0
decreas,0
reced,0.0
restrain,0.0
stop,0.0
subsid,0
wind,0.0
rememb,0.0
remain,0.0
mountain,0.0
upward,0
exceedingli,0.0
surfac,0.0
prevail,0.0
increas,0.0
lift,0
high,0.0
enter,0.0
hundredth,0
month,0.0
seventeenth,0
fountain,0.0
flood,0.0
unclean,0
clean,0.0
anim,0.0
sort,0
aliv,0.0
establish,0.0
coven,0.0
floodwat,0
deck,0.0
lower,0.0
side,0.0
window,0
width,0
length,0
height,0.0
gopherwood,0
room,0.0
cover,0.0
pitch,0.0
insid,0.0
ark,0.0
violenc,0
corrupt,0.0
genealog,0
gener,0.0
perfect,0.0
destroy,0.0
intent,0.0
continu,0.0
heart,0.0
thought,0.0
wicked,0.0
renown,0.0
giant,0.0
afterward,0
beauti,0.0
chose,0.0
ham,0
japheth,0
shem,0
comfort,0.0
eighti,0.0
methuselah,0
jare,0
sixti,0.0
mahalalel,0
fifteen,0
nineti,0.0
cainan,0
began,0.0
enosh,0
seth,0
aveng,0
seventi,0.0
listen,0.0
speech,0.0
hurt,0.0
wound,0.0
hear,0.0
flute,0
play,0.0
jubal,0
harp,0
jabal,0
dwell,0.0
livestock,0
adah,0
zillah,0
wive,0.0
lamech,0
begot,0
mehujael,0
irad,0
methushael,0
enoch,0.0
dwelt,0
nod,0
sevenfold,0
vengeanc,0.0
mark,0.0
hidden,0.0
driven,0.0
bear,0.0
fugit,0
vagabond,0
longer,0.0
talk,0.0
sin,0.0
lie,0.0
respect,0.0
counten,0
angri,0.0
process,0
brother,0.0
tiller,0
keeper,0.0
time,0.0
abel,0
acquir,0.0
conceiv,0.0
cain,0.0
sword,0
drove,0.0
flame,0.0
guard,0.0
cherubim,0
forev,0.0
tunic,0
skin,0.0
eve,0.0
return,0.0
sweat,0
thistl,0
thorn,0.0
sake,0.0
toil,0
heed,0.0
concept,0
sorrow,0.0
greatli,0.0
heel,0.0
enmiti,0.0
bruis,0
belli,0.0
eaten,0.0
command,0.0
afraid,0.0
sound,0.0
presenc,0.0
cool,0.0
hid,0.0
desir,0.0
husband,0.0
eye,0.0
ate,0.0
touch,0.0
cun,0
serpent,0.0
nake,0.0
asham,0
wife,0.0
join,0.0
mother,0.0
bone,0.0
rib,0.0
close,0.0
slept,0.0
sleep,0.0
name,0.0
found,0.0
gave,0.0
compar,0.0
die,0.0
tend,0
hiddekel,0
assyria,0
euphrat,0
east,0.0
gihon,0
cush,0
bdellium,0
onyx,0
riverhead,0
part,0.0
grow,0.0
pleasant,0.0
eden,0.0
eastward,0
nostril,0
breath,0.0
dust,0.0
mist,0
plant,0.0
ground,0.0
rain,0.0
grown,0
histori,0.0
sanctifi,0
seventh,0
rest,0.0
end,0.0
finish,0
sixth,0.0
green,0.0
food,0.0
subdu,0.0
femal,0.0
male,0.0
fish,0.0
like,0
make,0.0
dominion,0.0
air,0.0
cattl,0.0
creep,0.0
fill,0.0
multipli,0.0
bless,0.0
move,0.0
wing,0.0
thing,0.0
abund,0.0
abound,0
bird,0.0
fli,0.0
fourth,0.0
rule,0.0
greater,0.0
lesser,0.0
great,0.0
star,0.0
give,0.0
sign,0.0
season,0.0
brought,0.0
herb,0.0
yield,0.0
seed,0.0
fruit,0.0
bring,0.0
grass,0.0
tree,0.0
sea,0.0
dri,0.0
firmament,0
made,0.0
night,0.0
call,0.0
even,0.0
day,0.0
morn,0.0
divid,0.0
good,0.0
light,0.0
dark,0.0
face,0.0
deep,0.0
water,0.0
form,0.0
void,0.0
hover,0
begin,0.0
