muhammad,1852.132
god,1697.827
believ,1435.824
torment,1332.812
messeng,1132.755
revel,946.55
unbeliev,858.844
disbeliev,821.203
forgiv,817.285
guidanc,810.932
quran,762.982
creat,743.91
deed,738.092
unjust,721.438
hell,651.947
reward,595.81
truth,572.256
evid,543.941
reveal,512.733
guid,502.431
repli,491.048
suffer,476.061
peopl,474.793
book,465.004
worship,453.399
reject,442.465
exist,429.921
king,405.31
human,402.491
grant,398.786
true,392.094
israel,390.431
equal,389.703
follow,370.195
guardian,366.592
son,365.723
majest,365.337
piou,363.166
paradis,353.059
favor,342.152
disbelief,338.241
worldli,316.43
warn,311.521
benefit,309.795
judgment,308.456
jinn,308.341
pagan,306.567
susten,303.334
merci,302.347
fact,301.775
miracl,300.985
man,290.087
group,290.048
strive,286.848
punish,284.331
religion,282.207
awar,282.008
mankind,268.933
benefic,268.491
terribl,259.719
know,258.472
protect,250.639
news,245.936
belief,241.746
astray,241.497
satan,240.64
ignor,239.455
recompens,236.069
receiv,232.578
hous,228.188
hardship,225.255
univers,218.705
life,216.678
injustic,215.291
recit,210.358
happi,208.502
told,208.048
want,202.646
sky,200.973
garden,197.441
path,188.049
prostrat,186.07
belong,185.659
admit,183.872
unseen,183.872
muslim,183.872
patienc,183.794
stori,181.418
invent,179.399
faith,177.573
dweller,175.631
steadfast,174.034
prevent,172.125
whomev,171.55
town,171.31
prayer,170.771
promis,170.628
men,170.478
citi,170.143
falsehood,164.895
knowledg,164.798
virtuou,162.187
properti,160.345
suffici,159.704
doer,158.804
offer,156.733
clear,154.582
respit,154.028
pain,153.619
priest,153.575
submit,153.531
bounti,152.685
spend,151.002
start,148.436
exercis,148.161
disobey,145.912
deserv,145.63
wrong,144.912
doubt,143.096
decre,142.553
attract,142.32
hand,140.828
retribut,139.109
remind,138.783
put,138.716
jerusalem,138.641
david,137.856
consid,137.56
enjoy,136.3
lord,135.256
virtu,135.027
result,135.027
idol,134.762
inevit,134.137
be,134.137
permiss,133.52
deni,131.154
repent,128.568
pieti,127.427
unlaw,127.427
respons,125.307
disregard,122.465
religi,122.465
victori,121.336
earth,121.237
public,121.194
pay,120.392
liar,120.094
expel,119.344
argu,117.504
father,117.063
support,116.807
record,116.3
crimin,115.39
decid,114.425
thamud,114.251
noah,112.166
recal,111.324
jesu,110.451
resurrect,110.312
lost,109.812
relat,109.783
share,109.51
illustri,109.28
mosqu,109.28
accept,108.501
replac,107.584
stream,106.774
experi,106.394
singl,105.6
realiz,104.907
achiev,104.31
creation,103.313
behold,102.826
error,101.677
humili,101.245
magic,100.714
prefer,100.116
work,98.249
evil,98.015
suprem,97.67
ascrib,95.337
torah,94.37
domin,94.37
islam,94.37
wealth,92.323
egypt,91.959
plan,91.672
children,90.197
disput,89.643
subservi,89.401
ungrat,89.401
hostil,89.401
mere,88.309
doom,88.208
spoke,88.152
land,87.915
fear,87.879
genuin,86.712
hundr,86.49
ask,85.479
warner,84.431
indec,84.431
lesson,84.431
vers,84.431
authorit,84.431
holi,84.422
year,83.321
flow,82.576
magician,82.36
reform,81.805
harm,81.14
orphan,81.035
deliv,80.752
consequ,79.462
mecca,79.462
ancient,77.628
maintain,77.007
abandon,76.904
live,76.757
drown,76.701
heaven,76.661
claim,76.374
easi,76.256
absolut,74.494
dislik,74.494
mim,74.494
messag,73.413
proper,72.732
travel,72.341
voic,72.102
question,70.706
control,70.643
affair,69.701
prohibit,69.525
destitut,68.093
differ,68.04
heard,68.039
destin,67.977
spous,67.47
threaten,66.761
sever,66.666
find,66.665
altar,66.583
mention,66.503
spirit,66.068
mortal,65.51
mean,65.08
salih,64.557
barrier,64.557
bibl,64.557
alif,64.557
lam,64.557
tell,64.198
person,63.895
neglect,63.588
mock,63.561
brethren,63.097
praiseworthi,63.038
mislead,63.038
whichev,63.038
encompass,63.038
arab,62.364
daughter,62.355
inspir,62.25
forbear,62.25
distinct,62.031
unawar,62.031
settl,61.892
set,61.47
word,61.024
saul,60.119
turn,59.893
templ,59.81
ayb,59.59
shu,59.59
expiat,59.59
worshipp,59.59
leav,59.24
parti,59.118
disgrac,58.911
kind,58.627
experienc,58.104
angel,57.791
triumph,57.487
insan,57.387
mouth,57.386
origin,57.182
persist,57.182
feel,56.667
thousand,56.396
bread,56.327
helper,55.809
hypocrit,55.783
sure,55.396
privat,54.787
pair,54.69
demand,54.69
provid,54.66
challeng,54.622
reclin,54.622
legend,54.622
ibli,54.622
chapter,54.622
depart,54.128
midst,53.461
home,53.294
host,52.847
despair,52.424
matter,51.926
gain,50.766
firm,50.692
answer,50.445
condemn,50.072
field,50.04
gold,50.034
asund,49.655
successor,49.655
obstacl,49.655
deviat,49.655
address,49.655
zakat,49.655
commit,49.445
loss,49.379
proof,48.626
greatest,48.579
israelit,48.579
twenti,48.349
fight,47.719
closer,47.708
reveng,47.694
swear,47.545
pass,47.534
head,47.214
babylon,47.123
devot,47.055
patient,46.655
multitud,46.511
approach,46.123
adam,46.123
blood,45.263
stood,45.006
reliev,44.988
blame,44.988
chariti,44.688
appreci,44.688
legaci,44.688
munific,44.688
ra,44.688
conjectur,44.688
gather,44.453
devoid,44.13
blast,44.07
burnt,43.773
wick,43.525
stern,43.442
trustworthi,43.342
rent,43.342
worst,43.342
unjustli,43.342
vast,43.342
will,43.135
prove,43.135
christian,42.995
reason,42.939
ad,41.601
show,41.322
preach,41.116
glad,41.116
silver,40.969
wise,40.967
young,40.742
appoint,40.691
transgressor,40.215
glori,39.878
ocean,39.722
ha,39.722
bewitch,39.722
protector,39.722
zachariah,39.722
regret,39.686
explain,39.658
spoken,39.457
mighti,39.457
griev,39.289
seduc,38.896
author,38.56
suppress,38.44
intercessor,38.44
dowri,38.335
discipl,38.285
rejoic,38.255
properli,38.114
statement,38.114
friendship,38.114
power,37.656
payment,37.491
lay,37.336
purpos,37.323
parent,36.64
stone,36.431
submiss,35.993
sincer,35.779
cut,35.638
caus,35.43
sacr,35.363
period,35.304
cri,34.976
posit,34.96
pharaoh,34.955
subject,34.914
germ,34.755
simpli,34.755
motionless,34.755
hud,34.755
bliss,34.755
misl,34.755
realiti,34.755
superior,34.755
mistak,34.755
fatigu,34.755
hajj,34.755
corn,34.755
order,34.569
interced,34.407
place,34.21
glorifi,34.056
cloth,34.023
wall,33.851
elder,33.609
gate,33.593
knew,33.586
annoy,33.553
real,33.553
loan,33.553
knowingli,33.553
indulg,33.365
compassion,33.365
term,33.365
exempt,33.365
fate,33.365
creator,33.36
avoid,33.36
task,33.36
laid,33.204
princ,33.2
burn,32.767
mari,32.701
countri,32.658
soul,32.534
rescu,32.226
conceal,32.226
abil,32.077
nation,31.766
produc,31.497
obey,31.293
creatur,31.015
babi,30.995
fell,30.98
serv,30.631
sacrific,30.575
everlast,30.455
oil,30.174
issu,30.106
amount,29.986
cubit,29.814
al,29.79
orbit,29.79
caravan,29.79
explan,29.79
precinct,29.79
chastiti,29.79
animos,29.79
contract,29.79
date,29.79
moder,29.79
deliber,29.79
woman,29.491
grate,29.316
war,29.305
walk,29.282
carnal,29.131
thirti,29.002
obedi,28.865
abod,28.687
convey,28.687
mansion,28.687
destini,28.687
altern,28.687
rebellion,28.682
sacrifici,28.659
engulf,28.659
farm,28.659
built,28.563
curs,28.563
chang,28.545
act,28.458
river,28.352
jacob,28.266
captiv,28.114
door,28.114
tax,28.093
open,27.807
joy,27.738
tent,27.582
testifi,27.511
ten,27.434
assembl,27.155
purifi,26.972
sanctuari,26.568
sat,26.365
ordain,26.064
success,26.064
abomin,25.92
advic,25.727
difficult,25.649
activ,25.649
arrog,25.634
trial,25.634
benjamin,25.516
tradit,25.415
attent,25.394
decis,25.376
aaron,25.256
speak,25.066
imag,24.946
niggardli,24.824
bedouin,24.824
worthier,24.824
soloman,24.824
trunk,24.824
messengerss,24.824
fluid,24.824
shirt,24.824
distant,24.824
embark,24.824
medina,24.824
remark,24.824
clarifi,24.824
desist,24.824
amnesti,24.824
cradl,24.824
recipi,24.824
previou,24.824
criteria,24.824
blindli,24.824
abraham,24.706
oblig,24.691
nearbi,24.691
blaze,24.691
deck,24.691
cast,24.628
rank,24.546
flock,24.39
seek,24.231
strength,24.161
fled,24.136
final,24.071
bestow,24.071
flesh,24.034
visibl,24.011
refer,24.011
respond,24.011
renounc,24.011
feast,23.945
quarrelsom,23.849
independ,23.849
attribut,23.849
amid,23.849
sourc,23.849
welfar,23.849
commemor,23.849
unabl,23.849
day,23.794
wish,23.762
deaf,23.762
eat,23.655
happen,23.613
pour,23.544
neighbor,23.326
salvat,23.298
bad,23.286
number,23.233
wood,23.124
forgav,23.042
sheep,23.011
pray,22.966
beast,22.925
aris,22.895
unit,22.661
devour,22.516
fall,22.507
goat,22.492
expect,22.377
twelv,22.344
fifti,22.291
born,22.224
sing,22.112
woe,22.042
written,21.993
grain,21.972
sit,21.884
rel,21.809
anger,21.787
difficulti,21.556
stranger,21.505
exampl,21.418
partner,21.418
express,21.418
helpless,21.418
total,21.418
treati,21.418
establish,21.403
till,21.345
test,21.312
lion,21.302
inhabit,21.225
chief,21.208
part,21.078
expos,20.961
reckon,20.961
shame,20.898
sight,20.762
ruler,20.747
fals,20.737
kill,20.581
friend,20.567
afraid,20.528
fine,20.481
chast,20.311
silk,20.311
deceas,20.311
detail,20.311
bearer,20.311
heal,20.149
interest,20.098
hill,20.089
pillar,20.079
sin,20.052
forti,19.95
secur,19.87
zaqqum,19.858
confeder,19.858
prophethood,19.858
arrogantli,19.858
stage,19.858
dhu,19.858
qarnayn,19.858
sperm,19.858
brocad,19.858
unnecessari,19.858
proportion,19.858
baggag,19.858
tyrant,19.858
effort,19.858
fund,19.858
strove,19.858
gradual,19.858
predecessor,19.858
trellis,19.858
therefrom,19.858
kindr,19.858
obstruct,19.858
slightest,19.858
atom,19.858
stingi,19.858
untouch,19.858
suspici,19.858
pre,19.858
badr,19.858
financi,19.858
marit,19.858
resum,19.858
gambl,19.858
pork,19.858
emerg,19.858
attitud,19.858
descript,19.858
bargain,19.858
garment,19.782
offspr,19.75
hors,19.689
wash,19.677
prophesi,19.552
due,19.496
look,19.492
headlong,19.444
misfortun,19.444
await,19.444
ill,19.416
incur,19.416
wit,19.415
save,19.225
gloriou,19.197
regul,19.054
compos,19.054
nearer,19.054
type,19.054
poet,19.054
absenc,19.054
deiti,19.054
illiter,19.054
tire,19.054
excess,19.054
shape,19.007
strang,19.007
kingdom,19.007
safe,18.966
build,18.884
doubl,18.877
wine,18.859
reach,18.771
way,18.749
bit,18.679
flee,18.675
hate,18.639
minist,18.474
cattl,18.436
wife,18.407
manifest,18.4
rise,18.304
fire,18.303
reproach,18.271
high,18.241
ground,18.14
buri,18.115
meet,18.1
lip,18.073
barren,17.94
intent,17.925
side,17.916
depriv,17.881
befal,17.881
charg,17.764
arm,17.764
today,17.735
bodi,17.698
inform,17.666
church,17.665
couch,17.422
exchang,17.422
broken,17.407
compet,17.32
tribe,17.295
inherit,17.251
sabbath,16.961
bore,16.961
donkey,16.939
master,16.849
court,16.548
redeem,16.548
throw,16.488
slew,16.36
break,16.3
household,16.272
branch,16.253
give,16.246
belov,16.072
entrust,16.062
reconcili,16.062
gabriel,16.062
argument,16.062
certainti,16.062
nearest,16.062
forbidden,16.062
solomon,16.023
hard,15.967
enlighten,15.948
fill,15.717
saint,15.648
respect,15.581
rose,15.447
month,15.411
found,15.404
greatli,15.391
listen,15.371
pure,15.238
feet,15.134
lose,15.099
common,15.044
palm,15.01
consist,14.99
involv,14.99
agoni,14.99
discord,14.99
disappoint,14.99
huge,14.99
accumul,14.99
repel,14.99
retreat,14.99
last,14.99
free,14.91
forelock,14.893
blacken,14.893
eventu,14.893
bash,14.893
salti,14.893
benevol,14.893
impiou,14.893
triumphant,14.893
clot,14.893
duli,14.893
winner,14.893
fluent,14.893
ta,14.893
kinsmen,14.893
ya,14.893
equival,14.893
obligatori,14.893
mould,14.893
guil,14.893
merit,14.893
emigr,14.893
brink,14.893
patron,14.893
enjoin,14.893
sheer,14.893
onlook,14.893
elia,14.893
amus,14.893
paltri,14.893
prompt,14.893
mischief,14.893
depend,14.893
omnipres,14.893
bequest,14.893
patern,14.893
aunt,14.893
matern,14.893
third,14.893
migrat,14.893
befel,14.893
modest,14.893
benefici,14.893
disrespect,14.893
wrongli,14.893
illeg,14.893
mandatori,14.893
essenc,14.893
qibla,14.893
loser,14.893
devotedli,14.893
denial,14.893
tur,14.893
sweet,14.875
egyptian,14.875
matur,14.861
shepherd,14.842
pride,14.835
keep,14.832
confirm,14.806
hide,14.806
bed,14.675
child,14.663
swift,14.53
endur,14.408
affect,14.378
oppos,14.378
coven,14.347
suspicion,14.327
hord,14.327
crumbl,14.327
tumbl,14.327
bequeath,14.327
infidel,14.327
intens,14.327
develop,14.327
troubl,14.261
account,14.245
command,14.214
john,14.082
girl,14.055
confus,14.055
righteou,14.014
offic,13.836
sake,13.764
rest,13.762
lead,13.682
desir,13.617
stand,13.566
grow,13.5
devil,13.454
clay,13.454
drink,13.428
induc,13.397
forefath,13.397
avail,13.397
hollow,13.397
graze,13.397
relief,13.397
help,13.066
cross,13.029
piec,13.026
advis,12.982
sad,12.982
stretch,12.943
famin,12.885
eaten,12.885
east,12.871
hair,12.83
intercess,12.812
surviv,12.812
allow,12.812
condit,12.812
strike,12.789
quarrel,12.756
mind,12.69
useless,12.668
shower,12.668
climb,12.668
righteous,12.63
stumbl,12.629
march,12.598
pardon,12.598
labor,12.517
slave,12.498
understand,12.497
seventi,12.488
fallen,12.428
exceedingli,12.428
defend,12.118
poor,12.095
foolish,12.026
scribe,12.0
retali,11.992
harder,11.992
balanc,11.992
gentli,11.992
ceil,11.992
crime,11.992
extrem,11.992
addit,11.992
insist,11.992
servant,11.956
full,11.928
pleasur,11.91
trembl,11.894
readi,11.894
counsel,11.864
chamber,11.826
,11.767
shade,11.767
agreement,11.767
appear,11.753
fool,11.715
return,11.639
back,11.632
forbid,11.613
marriag,11.613
grace,11.593
violent,11.553
clean,11.524
tabl,11.499
longer,11.438
night,11.432
stray,11.43
hatr,11.43
street,11.301
futur,11.253
intim,11.253
rebelli,11.247
invit,11.247
wept,11.224
foreign,11.224
guest,11.183
whisper,11.183
recogn,11.128
wast,11.104
foot,11.087
puf,11.084
excus,11.084
forgot,11.084
game,11.084
wicked,11.03
bow,10.937
count,10.906
perish,10.768
cherish,10.707
testament,10.707
injuri,10.707
awe,10.707
heavier,10.707
upsid,10.707
trivial,10.707
float,10.707
engag,10.707
despis,10.692
marvel,10.622
seat,10.622
inquir,10.512
wive,10.465
femal,10.462
territori,10.422
fat,10.385
fourth,10.314
compar,10.249
bless,10.24
tenth,10.221
vineyard,10.196
half,10.139
utterli,10.121
drew,10.118
sign,10.103
begin,10.08
choos,10.053
heap,10.021
facilit,9.929
tariq,9.929
incumb,9.929
illiyin,9.929
comprehens,9.929
sijin,9.929
frown,9.929
pu,9.929
immigr,9.929
cushion,9.929
molten,9.929
merg,9.929
rotat,9.929
calamit,9.929
sandstorm,9.929
predict,9.929
laggardli,9.929
tubba,9.929
dimwit,9.929
qaf,9.929
disagre,9.929
disintegr,9.929
insignific,9.929
subtl,9.929
luqman,9.929
manhood,9.929
carelessli,9.929
relationship,9.929
precis,9.929
mirag,9.929
nich,9.929
metaphor,9.929
immatur,9.929
shapeless,9.929
ismael,9.929
dive,9.929
biggest,9.929
fun,9.929
preoccupi,9.929
samiri,9.929
contest,9.929
tuwa,9.929
meaningless,9.929
idri,9.929
woeful,9.929
unchast,9.929
chao,9.929
junction,9.929
invest,9.929
capac,9.929
exclaim,9.929
scald,9.929
molt,9.929
durat,9.929
miracul,9.929
verbal,9.929
delici,9.929
vein,9.929
arteri,9.929
toppl,9.929
explos,9.929
stealthili,9.929
unpleas,9.929
whosoev,9.929
truste,9.929
gossip,9.929
abat,9.929
nobli,9.929
madli,9.929
reluctantli,9.929
sneak,9.929
motiv,9.929
monk,9.929
mobil,9.929
unarm,9.929
heedless,9.929
manufactur,9.929
jolt,9.929
consider,9.929
exclus,9.929
system,9.929
depositori,9.929
grievou,9.929
honesti,9.929
kabah,9.929
cautiou,9.929
intensifi,9.929
abrog,9.929
bother,9.929
legal,9.929
ihram,9.929
treatment,9.929
constantli,9.929
consecut,9.929
nocturn,9.929
misguid,9.929
tayammum,9.929
semin,9.929
defec,9.929
bakka,9.929
senil,9.929
imran,9.929
substitut,9.929
idea,9.929
mischiev,9.929
improv,9.929
mental,9.929
reluct,9.929
rainfal,9.929
fruitless,9.929
multipl,9.929
mainten,9.929
termin,9.929
phase,9.929
yell,9.929
leadership,9.929
ina,9.929
heedlessli,9.929
flaw,9.929
sabaean,9.929
initi,9.929
dome,9.929
foundat,9.929
top,9.929
send,9.919
synagogu,9.821
sixti,9.821
wound,9.821
iron,9.737
cleans,9.737
jest,9.721
temporari,9.721
varieti,9.721
fortun,9.721
constant,9.721
greed,9.721
mud,9.721
monstrou,9.721
strongest,9.721
reflect,9.721
healthi,9.721
declin,9.721
sunset,9.721
ape,9.721
widespread,9.721
action,9.721
column,9.721
revert,9.721
statu,9.721
bewild,9.721
immort,9.705
brass,9.705
hasti,9.705
studi,9.705
suggest,9.705
chanc,9.705
disappear,9.705
reduc,9.705
pilgrimag,9.705
ransom,9.676
heat,9.663
entranc,9.621
fix,9.613
forward,9.54
breath,9.529
construct,9.5
associ,9.5
footstep,9.5
size,9.5
multipli,9.444
brought,9.434
robe,9.421
servic,9.4
companion,9.371
forc,9.351
shield,9.333
wing,9.333
behav,9.316
wait,9.294
snare,9.221
ate,9.22
marri,9.064
corner,9.021
yield,8.976
height,8.942
deep,8.942
heir,8.884
eye,8.867
duti,8.861
baptiz,8.822
spear,8.822
fig,8.822
come,8.794
impos,8.746
water,8.73
widow,8.697
weep,8.671
possess,8.661
present,8.617
seed,8.559
jew,8.528
dri,8.509
refug,8.505
tongu,8.475
mother,8.403
hour,8.4
ark,8.373
solemn,8.351
women,8.317
stay,8.314
abid,8.223
stir,8.223
honey,8.223
swore,8.209
greater,8.19
exalt,8.185
rock,8.184
charit,8.179
describ,8.179
enrag,8.179
laden,8.179
foremost,8.179
quantiti,8.179
physic,8.179
beggar,8.179
solemnli,8.179
ran,8.161
uncov,8.161
sought,8.156
honor,8.145
blind,8.082
pearl,8.047
disdain,8.047
face,7.999
leader,7.987
lamp,7.967
cow,7.955
deal,7.949
adopt,7.916
dumb,7.916
faithless,7.916
sens,7.916
firmli,7.916
deputi,7.916
miser,7.916
afford,7.916
yellow,7.916
defeat,7.867
mount,7.832
loud,7.83
sold,7.83
virgin,7.83
mountain,7.828
plot,7.807
wrote,7.773
search,7.772
angri,7.772
sea,7.744
plainli,7.74
husband,7.701
calf,7.678
portion,7.642
lament,7.626
thorn,7.626
letter,7.579
room,7.579
determin,7.542
secret,7.497
slain,7.457
declar,7.371
bear,7.36
moon,7.329
broke,7.265
lack,7.265
think,7.261
alik,7.261
maiden,7.261
red,7.228
regard,6.999
plead,6.999
touch,6.91
draw,6.881
drop,6.849
loos,6.831
preced,6.697
protest,6.697
smoothli,6.697
ant,6.697
consumm,6.697
display,6.697
radiant,6.697
constel,6.697
stare,6.697
oppon,6.697
brighten,6.697
freedom,6.697
slowli,6.697
gift,6.639
justifi,6.632
blemish,6.632
floor,6.632
ring,6.632
dwell,6.581
color,6.527
law,6.499
sect,6.489
lump,6.489
banish,6.489
assist,6.489
prison,6.445
nois,6.434
board,6.434
worthi,6.434
drank,6.434
bound,6.427
rule,6.427
past,6.412
presenc,6.401
insult,6.332
rightli,6.315
dead,6.306
scatter,6.291
soldier,6.236
bought,6.236
shoulder,6.236
requir,6.236
afflict,6.179
divorc,6.166
birth,6.146
execut,6.141
hear,6.127
murder,6.103
elisha,6.039
queen,6.039
valley,6.018
road,6.009
consecr,6.009
nobl,5.995
sister,5.986
root,5.964
vow,5.962
short,5.939
made,5.914
descend,5.882
spoil,5.849
suddenli,5.844
anim,5.844
hungri,5.841
tore,5.841
caught,5.841
naked,5.841
pursu,5.838
hope,5.809
temptat,5.804
profit,5.785
bitter,5.78
parabl,5.762
skin,5.755
staff,5.717
case,5.717
increas,5.695
sorrow,5.681
oppress,5.675
held,5.658
hold,5.609
region,5.608
sow,5.608
accus,5.57
testimoni,5.561
lot,5.476
repair,5.469
humbl,5.46
awak,5.447
spi,5.447
hurt,5.447
call,5.427
arrow,5.415
paper,5.353
homeland,5.353
manag,5.353
tone,5.353
twinkl,5.353
except,5.353
childish,5.353
lag,5.353
code,5.353
intellig,5.353
print,5.353
expound,5.353
tale,5.353
gulf,5.353
trace,5.353
advisor,5.353
penetr,5.353
replenish,5.353
expand,5.353
goblet,5.353
scholar,5.353
depress,5.353
sport,5.353
horizon,5.353
compens,5.353
distinctli,5.353
moral,5.353
capabl,5.353
review,5.353
battlefield,5.353
omen,5.353
dispos,5.353
fewer,5.353
hoopo,5.353
possibl,5.353
ladder,5.353
treat,5.353
fuel,5.333
realm,5.333
gush,5.333
tear,5.325
direct,5.296
hire,5.28
spring,5.278
valor,5.25
pervers,5.25
eighti,5.25
nake,5.25
palac,5.233
harvest,5.233
wild,5.233
carri,5.149
earli,5.097
talent,5.091
beat,5.091
restor,5.067
bring,5.04
grave,4.994
shout,4.989
fibr,4.964
firewood,4.964
abu,4.964
lahab,4.964
quraish,4.964
pebbl,4.964
hutamah,4.964
advent,4.964
hawiya,4.964
hawiyah,4.964
card,4.964
unpreced,4.964
inviol,4.964
cooper,4.964
downtrodden,4.964
aqaba,4.964
unparallel,4.964
detent,4.964
indiscrimin,4.964
necessarili,4.964
eram,4.964
odd,4.964
dhil,4.964
carpet,4.964
reprob,4.964
eject,4.964
nightli,4.964
tasnim,4.964
musk,4.964
fraudul,4.964
reunit,4.964
engross,4.964
undergo,4.964
pear,4.964
despic,4.964
camphor,4.964
union,4.964
uncontrol,4.964
despond,4.964
eclips,4.964
scowl,4.964
grey,4.964
decent,4.964
nasr,4.964
uq,4.964
suwa,4.964
yaghuth,4.964
wadd,4.964
evert,4.964
needlessli,4.964
shortcom,4.964
yemen,4.964
morali,4.964
explod,4.964
divulg,4.964
absolv,4.964
strict,4.964
intoler,4.964
menstruat,4.964
menopaus,4.964
wwhoever,4.964
merriment,4.964
friday,4.964
ahmad,4.964
unbreak,4.964
concret,4.964
model,4.964
felic,4.964
kinsfolk,4.964
product,4.964
peninsula,4.964
method,4.964
monast,4.964
illus,4.964
heinou,4.964
undiminish,4.964
banana,4.964
thornless,4.964
shell,4.964
abas,4.964
mankind√Æwhich,4.964
floweri,4.964
potteri,4.964
husk,4.964
aromat,4.964
untruthful,4.964
unfortun,4.964
siriu,4.964
durabl,4.964
embryo,4.964
unfair,4.964
manat,4.964
lat,4.964
unsin,4.964
invinc,4.964
brilliantli,4.964
clayi,4.964
amidst,4.964
particl,4.964
jugular,4.964
insight,4.964
particip,4.964
entitl,4.964
miserli,4.964
invalid,4.964
kinship,4.964
jihad,4.964
unpollut,4.964
encount,4.964
ahqaf,4.964
guesswork,4.964
yemenit,4.964
seizur,4.964
smother,4.964
invok,4.964
amass,4.964
linguist,4.964
text,4.964
sideway,4.964
pleadingli,4.964
ayn,4.964
lengthi,4.964
punishemnt,4.964
propag,4.964
destructor,4.964
skeptic,4.964
disloyalti,4.964
knower,4.964
shrink,4.964
shiver,4.964
supremaci,4.964
dhulkifl,4.964
latest,4.964
ba,4.964
deepest,4.964
poetri,4.964
bridg,4.964
extinct,4.964
enchain,4.964
chin,4.964
plotter,4.964
indestruct,4.964
poss,4.964
plough,4.964
soften,4.964
signific,4.964
deput,4.964
zayd,4.964
uncleanli,4.964
yathrib,4.964
defenseless,4.964
tremend,4.964
zihar,4.964
extract,4.964
suffic,4.964
appar,4.964
ingratitud,4.964
happili,4.964
superfici,4.964
frailest,4.964
bedeck,4.964
prestig,4.964
appraoch,4.964
techniqu,4.964
rainstorm,4.964
blink,4.964
inspect,4.964
warmyourselv,4.964
ador,4.964
closest,4.964
nervou,4.964
extravag,4.964
campaign,4.964
stationari,4.964
fatal,4.964
settler,4.964
aisha,4.964
instig,4.964
flog,4.964
lash,4.964
spontan,4.964
ownership,4.964
safest,4.964
relish,4.964
monasteri,4.964
neatli,4.964
amazedli,4.964
kifl,4.964
dhul,4.964
effici,4.964
caller,4.964
artifici,4.964
earlier,4.964
organ,4.964
loveabl,4.964
lace,4.964
unspoken,4.964
enumer,4.964
cleav,4.964
kaf,4.964
undamag,4.964
deadlin,4.964
fullest,4.964
keen,4.964
viciou,4.964
flawless,4.964
seren,4.964
tahajjud,4.964
ampl,4.964
deafen,4.964
avers,4.964
satisfact,4.964
bankrupt,4.964
spender,4.964
upris,4.964
aqsa,4.964
sanction,4.964
transient,4.964
guarantor,4.964
aloft,4.964
hive,4.964
sugar,4.964
unexpect,4.964
steam,4.964
ultim,4.964
hijr,4.964
rejoicingli,4.964
smokeless,4.964
impregn,4.964
fright,4.964
stun,4.964
fixedli,4.964
sip,4.964
effac,4.964
alleg,4.964
bondsman,4.964
influenc,4.964
polit,4.964
suscept,4.964
ensu,4.964
dreamt,4.964
brew,4.964
womanli,4.964
wisher,4.964
similarli,4.964
ignomini,4.964
judi,4.964
speci,4.964
untold,4.964
obviou,4.964
fairli,4.964
breez,4.964
upset,4.964
specialist,4.964
prioriti,4.964
disown,4.964
blameworthi,4.964
tabuk,4.964
unsuccess,4.964
prior,4.964
hoard,4.964
uncondit,4.964
hunayn,4.964
aggress,4.964
pact,4.964
asylum,4.964
vulner,4.964
theygiv,4.964
anothcr,4.964
togdher,4.964
conquest,4.964
ceaselessli,4.964
climat,4.964
unlett,4.964
convent,4.964
educ,4.964
grab,4.964
shortag,4.964
defici,4.964
disastr,4.964
torrenti,4.964
evalu,4.964
siesta,4.964
tenfold,4.964
over,4.964
tighten,4.964
normal,4.964
devilish,4.964
unknowingli,4.964
learnt,4.964
investig,4.964
disavow,4.964
azar,4.964
aimlessli,4.964
lure,4.964
playth,4.964
darkest,4.964
disabl,4.964
beneficiari,4.964
ibah,4.964
wasilah,4.964
bahirah,4.964
hami,4.964
sa,4.964
unmark,4.964
seafood,4.964
thoughtless,4.964
typic,4.964
handcuf,4.964
dignifi,4.964
perpetr,4.964
killer,4.964
intercours,4.964
elbow,4.964
superstiti,4.964
strangul,4.964
verdict,4.964
undeni,4.964
extra,4.964
triniti,4.964
virtuous,4.964
lazili,4.964
suspens,4.964
attorney,4.964
precaut,4.964
enthusiast,4.964
misde,4.964
kinder,4.964
frankli,4.964
rejector,4.964
context,4.964
lastli,4.964
amor,4.964
dower,4.964
niec,4.964
ward,4.964
avarici,4.964
avaric,4.964
glanc,4.964
audibl,4.964
privaci,4.964
freez,4.964
deem,4.964
mispronounc,4.964
planner,4.964
longest,4.964
dissimul,4.964
taqiyah,4.964
fundament,4.964
unclear,4.964
liabl,4.964
minor,4.964
scrupul,4.964
omiss,4.964
safeguard,4.964
waiv,4.964
imbal,4.964
hurrican,4.964
drizzl,4.964
payabl,4.964
indirect,4.964
cycl,4.964
menstrual,4.964
inattent,4.964
lenient,4.964
mens,4.964
ailment,4.964
whilst,4.964
commenc,4.964
vicin,4.964
ramadan,4.964
regrett,4.964
marwah,4.964
safa,4.964
omnisci,4.964
basi,4.964
oblivion,4.964
ident,4.964
accent,4.964
unzurna,4.964
harut,4.964
marut,4.964
incant,4.964
greediest,4.964
misinterpret,4.964
irrig,4.964
onion,4.964
introduc,4.964
allah,4.964
crystal,4.941
dress,4.941
magog,4.941
write,4.921
quiet,4.903
empti,4.872
grass,4.872
tread,4.858
mose,4.848
remov,4.844
frighten,4.767
anchor,4.749
justli,4.749
messiah,4.749
urgent,4.749
blown,4.749
pile,4.749
failur,4.749
hesit,4.749
hurl,4.749
denounc,4.749
right,4.749
rous,4.749
strongli,4.749
fierc,4.736
embrac,4.723
blue,4.716
silent,4.716
drunk,4.716
creep,4.716
money,4.679
care,4.626
proclaim,4.605
buy,4.565
fellow,4.529
examin,4.529
job,4.514
camel,4.495
gospel,4.48
crowd,4.466
judg,4.464
vine,4.394
perdit,4.386
bracelet,4.386
sail,4.36
boil,4.36
dedic,4.343
read,4.342
ear,4.308
chosen,4.303
instruct,4.297
besieg,4.271
row,4.271
awesom,4.271
dawn,4.234
weigh,4.199
long,4.198
treasuri,4.158
wage,4.158
air,4.158
rush,4.132
battl,4.131
run,4.103
thirst,4.077
pastur,4.077
ruin,4.056
mix,4.056
tomorrow,4.056
excel,4.056
grief,4.044
seiz,4.024
burden,4.006
satisfi,4.003
perfect,4.003
grape,3.973
prosper,3.909
provis,3.899
bird,3.896
compani,3.889
spare,3.889
exhort,3.883
scroll,3.883
nun,3.883
die,3.881
malic,3.869
hypocrisi,3.869
contain,3.869
sunris,3.869
event,3.869
bite,3.869
view,3.869
learn,3.83
deceiv,3.811
reap,3.79
design,3.768
serpent,3.723
wheel,3.689
bosom,3.689
urg,3.689
delay,3.655
trade,3.655
vengeanc,3.637
bar,3.608
harden,3.608
custom,3.608
drove,3.608
collect,3.603
filthi,3.573
struck,3.56
hang,3.527
overcom,3.497
pool,3.497
transgress,3.492
compass,3.465
end,3.463
driven,3.444
curtain,3.426
beg,3.426
guilt,3.426
lodg,3.426
earthli,3.415
pregnant,3.415
earn,3.415
disciplin,3.415
import,3.415
repeat,3.415
felt,3.415
cool,3.415
began,3.364
hidden,3.359
keeper,3.345
brother,3.326
graciou,3.306
spiritu,3.304
fit,3.304
contrari,3.304
pot,3.304
lust,3.294
forest,3.294
grew,3.294
teach,3.277
destroy,3.263
trust,3.26
eighth,3.246
eden,3.203
access,3.166
unreason,3.166
uncertain,3.166
abyss,3.166
defraud,3.166
tortur,3.166
sternli,3.166
gloomi,3.166
enabl,3.166
fertil,3.166
stormi,3.166
postpon,3.166
dens,3.166
deliveri,3.166
solitari,3.166
regain,3.166
crash,3.166
intestin,3.166
divert,3.166
qualifi,3.166
midday,3.166
easili,3.166
suit,3.166
resembl,3.166
verg,3.166
demolish,3.166
gale,3.166
popul,3.166
roar,3.125
upper,3.125
smoke,3.125
unfaith,3.113
accord,3.113
relent,3.113
roll,3.113
press,3.113
dread,3.113
tower,3.073
fountain,3.067
conceiv,3.064
divid,3.038
idolat,3.028
scorch,3.028
western,3.028
distinguish,3.028
slander,2.989
name,2.97
famili,2.967
wither,2.957
speech,2.957
vanish,2.951
higher,2.951
boy,2.951
cling,2.922
corps,2.922
unright,2.922
milk,2.915
complet,2.818
heavenli,2.798
spent,2.798
meat,2.791
sacrif,2.791
opposit,2.791
mine,2.763
surround,2.762
sigh,2.732
pervert,2.732
comfort,2.714
correct,2.713
low,2.713
request,2.713
thick,2.713
bath,2.713
pull,2.713
restrain,2.713
youth,2.701
cover,2.673
fail,2.631
wide,2.627
pledg,2.612
morn,2.61
vain,2.603
wisdom,2.59
cloud,2.558
prudent,2.544
bribe,2.544
golden,2.539
nurs,2.539
pluck,2.539
limit,2.511
suppos,2.485
almighti,2.47
level,2.465
pen,2.465
attempt,2.465
summon,2.465
pilgrim,2.465
opinion,2.465
expens,2.465
commun,2.465
goliath,2.465
extent,2.465
kneel,2.465
betray,2.464
thunder,2.464
fli,2.464
innoc,2.45
assign,2.406
openli,2.406
torch,2.406
drag,2.361
degre,2.361
debt,2.361
booti,2.361
big,2.361
arrang,2.361
collector,2.356
baptism,2.356
haughti,2.356
defect,2.356
aloud,2.356
abundantli,2.356
disast,2.304
met,2.299
vision,2.299
heed,2.296
flame,2.291
distribut,2.262
begotten,2.262
owner,2.262
hunt,2.262
neck,2.211
godli,2.195
fortress,2.195
lame,2.195
hot,2.195
locust,2.195
stomach,2.17
scourg,2.17
includ,2.17
fasten,2.17
bloodsh,2.17
nineti,2.17
ash,2.15
fast,2.144
reviv,2.109
carv,2.104
languag,2.097
talk,2.092
boast,2.046
dominion,2.045
scale,1.99
summer,1.986
ala,1.986
standard,1.986
safeti,1.986
complaint,1.986
strip,1.986
isaac,1.954
miss,1.949
major,1.934
ink,1.934
quietli,1.934
soft,1.934
mutual,1.934
subvert,1.934
incit,1.934
exil,1.934
extinguish,1.934
weaker,1.934
smile,1.934
penalti,1.934
art,1.934
pursuit,1.934
peac,1.927
black,1.923
armi,1.909
male,1.897
forget,1.875
tender,1.86
groan,1.86
envi,1.86
sixth,1.86
thing,1.846
prevail,1.844
line,1.837
heritag,1.837
band,1.837
cure,1.827
gog,1.827
confront,1.827
ritual,1.827
asleep,1.803
bag,1.803
rob,1.803
leper,1.803
wrath,1.785
blow,1.775
pleasant,1.775
race,1.77
imprison,1.77
surpris,1.77
smaller,1.77
linger,1.77
childless,1.77
propos,1.77
sick,1.75
load,1.741
stronger,1.741
persecut,1.717
bind,1.717
seal,1.712
defens,1.696
fed,1.696
secretli,1.686
cup,1.679
report,1.679
breast,1.674
immedi,1.65
crucifi,1.643
bone,1.633
arriv,1.624
wors,1.624
gentl,1.622
beard,1.622
reserv,1.622
cowardli,1.583
testat,1.583
unchang,1.583
parchment,1.583
frequent,1.583
ignorantli,1.583
aspir,1.583
richli,1.583
intrud,1.583
goal,1.583
apprehend,1.583
contemporari,1.583
grudgingli,1.583
unveil,1.583
steadili,1.583
uncertainti,1.583
incred,1.583
publicli,1.583
visitor,1.583
detach,1.583
resourc,1.583
donat,1.583
thickli,1.583
launch,1.583
critic,1.583
remors,1.583
gnat,1.583
anticip,1.583
institut,1.583
ray,1.583
charger,1.583
restrict,1.583
haughtili,1.583
claw,1.583
shorter,1.583
splendidli,1.583
cruelli,1.583
wedlock,1.583
solicit,1.583
signpost,1.583
defiant,1.583
stain,1.583
defer,1.583
undertak,1.583
gestur,1.583
stabil,1.583
distort,1.583
reservoir,1.583
fabric,1.583
spur,1.583
cucumb,1.583
drowsi,1.583
squander,1.583
fantasi,1.583
castl,1.583
sculptur,1.583
disgust,1.583
forg,1.583
harmoni,1.583
frail,1.583
aloof,1.583
contemptu,1.583
lotu,1.583
metal,1.583
palat,1.583
dam,1.583
moist,1.583
briberi,1.583
crack,1.583
decor,1.583
gourd,1.583
chair,1.583
eldest,1.583
diamet,1.583
arbit,1.583
grandfath,1.583
pocket,1.583
afternoon,1.583
weakest,1.583
impress,1.583
eleph,1.583
carrier,1.583
displac,1.583
taught,1.583
obstin,1.583
movement,1.583
smite,1.583
endear,1.583
mash,1.583
form,1.583
rever,1.564
suppli,1.539
aliv,1.536
displeas,1.535
calam,1.515
join,1.504
proud,1.492
prais,1.477
oliv,1.473
spread,1.465
wave,1.447
dog,1.446
finger,1.446
add,1.446
lowli,1.444
highest,1.444
swine,1.444
courtyard,1.444
outstretch,1.444
stolen,1.444
worthless,1.432
concern,1.432
belli,1.432
rich,1.411
preacher,1.398
crook,1.398
behavior,1.398
member,1.395
memori,1.395
hid,1.395
play,1.335
dealt,1.314
thrown,1.303
needi,1.299
trumpet,1.291
journey,1.283
lazi,1.269
mule,1.269
farthest,1.269
scheme,1.269
rear,1.269
purif,1.269
peg,1.269
lend,1.269
idl,1.269
boat,1.267
kindl,1.267
sink,1.255
throat,1.255
alter,1.255
dishonest,1.255
abstain,1.255
victim,1.255
ripe,1.255
intox,1.255
quak,1.255
prey,1.254
eastern,1.242
chain,1.226
fish,1.226
scorn,1.224
redempt,1.224
plant,1.206
light,1.203
glass,1.18
predestin,1.18
entangl,1.18
partli,1.18
swiftli,1.18
heavili,1.18
spark,1.18
devic,1.18
resolv,1.18
repres,1.18
mail,1.18
quail,1.18
digniti,1.18
violat,1.18
gracious,1.18
sell,1.148
releas,1.148
visit,1.148
deceit,1.137
laugh,1.13
natur,1.118
sand,1.118
proceed,1.115
thiev,1.097
jewish,1.097
michael,1.097
zealou,1.097
bare,1.097
kindli,1.097
beget,1.097
ship,1.092
led,1.081
ambush,1.074
anguish,1.074
lowest,1.054
similar,1.054
upright,1.046
west,1.033
ascend,1.033
season,1.033
utter,1.018
heart,1.008
stop,1.007
tree,1.001
move,1.0
lower,0.985
rememb,0.98
crop,0.972
prophet,0.97
rain,0.952
love,0.948
inclin,0.942
forgiven,0.942
front,0.941
agre,0.938
fade,0.938
poverti,0.938
hole,0.93
worri,0.93
retain,0.93
ascent,0.93
capit,0.93
basin,0.93
pierc,0.93
frog,0.93
older,0.93
purchas,0.93
smell,0.93
raven,0.93
pitch,0.93
earnestli,0.928
ornament,0.928
plain,0.926
exact,0.87
key,0.87
special,0.87
proudli,0.87
custodi,0.87
lie,0.87
extend,0.858
remain,0.821
observ,0.817
sinai,0.816
shake,0.815
strong,0.815
torn,0.815
forehead,0.79
divin,0.79
store,0.79
hurri,0.79
shown,0.785
detest,0.777
time,0.776
winter,0.767
wrap,0.767
copi,0.767
numer,0.767
void,0.767
confid,0.751
remembr,0.751
shelter,0.747
thought,0.744
delight,0.736
measur,0.735
haman,0.719
perform,0.718
shaken,0.716
mustard,0.699
calm,0.699
egg,0.699
snatch,0.699
filth,0.699
exclud,0.699
soil,0.699
idolatri,0.699
childhood,0.699
theft,0.699
treacheri,0.699
situat,0.699
enter,0.689
oath,0.678
small,0.669
thirsti,0.657
plenti,0.657
sole,0.657
wander,0.655
throne,0.648
continu,0.629
weight,0.627
encourag,0.619
lightn,0.619
vile,0.612
raid,0.612
area,0.612
fashion,0.612
coupl,0.612
substanc,0.612
slow,0.612
swallow,0.605
slay,0.605
disobedi,0.599
discern,0.599
prepar,0.595
overcam,0.59
sooner,0.59
compuls,0.59
symbol,0.59
charact,0.59
immov,0.59
traitor,0.59
oneself,0.59
forbad,0.59
shackl,0.59
needl,0.59
elimin,0.59
spin,0.59
adjac,0.59
ankl,0.59
tribal,0.59
rub,0.59
ezekiel,0.59
dearli,0.59
elev,0.59
calcul,0.59
stake,0.59
obscur,0.59
speed,0.59
brand,0.59
hay,0.59
prospect,0.59
mast,0.59
sparkl,0.59
wrought,0.59
entireti,0.59
senseless,0.59
scoff,0.59
shoe,0.59
oper,0.59
ditch,0.59
snort,0.59
thunderbolt,0.59
discours,0.59
plung,0.59
bray,0.59
frustrat,0.59
col,0.59
site,0.59
foster,0.59
extens,0.59
glisten,0.59
employ,0.59
tunnel,0.59
wealthi,0.59
prop,0.59
supervis,0.59
monument,0.59
ravag,0.59
rare,0.59
clung,0.59
remot,0.59
elderli,0.59
revers,0.59
incid,0.59
rite,0.59
grudg,0.59
usual,0.59
carrion,0.59
partit,0.59
pave,0.59
circul,0.59
layer,0.59
settlement,0.59
nineteen,0.59
rib,0.59
histori,0.59
lesser,0.59
alm,0.583
luxuri,0.583
reli,0.583
lock,0.583
fresh,0.583
fulli,0.576
threw,0.569
sworn,0.569
star,0.563
confess,0.561
fornic,0.56
captur,0.56
rope,0.56
opportun,0.557
desert,0.54
insid,0.54
green,0.535
fair,0.531
wool,0.531
furnish,0.531
habit,0.531
attain,0.531
rebel,0.525
subdu,0.511
offici,0.51
conduct,0.51
wear,0.51
advanc,0.51
herb,0.51
guilti,0.501
manner,0.484
price,0.468
roman,0.465
object,0.465
bent,0.465
warrior,0.465
sharpen,0.465
burst,0.465
loin,0.465
owe,0.465
sorceri,0.465
shorten,0.465
fragranc,0.465
flash,0.465
attach,0.465
well,0.465
farmer,0.465
enoch,0.465
shadow,0.464
obtain,0.458
weak,0.45
gener,0.448
consum,0.44
sleep,0.429
distress,0.428
choic,0.418
sheba,0.418
handl,0.413
revil,0.413
darken,0.413
nose,0.413
altogeth,0.413
heavi,0.408
bond,0.407
pomegran,0.407
thief,0.407
great,0.394
dear,0.389
horribl,0.389
enviou,0.389
witchcraft,0.389
twist,0.389
abus,0.389
storm,0.384
shine,0.375
flood,0.375
chest,0.371
notic,0.371
fetter,0.371
exceed,0.371
usuri,0.371
sustain,0.371
heel,0.371
quickli,0.368
fought,0.367
permit,0.356
adulteri,0.355
dust,0.349
strengthen,0.348
ride,0.337
perpetu,0.332
devout,0.328
debtor,0.328
clap,0.328
decept,0.328
bend,0.328
discourag,0.328
jewel,0.328
tip,0.328
seashor,0.328
leaf,0.328
sound,0.328
escap,0.327
good,0.321
tempt,0.32
oppressor,0.313
prolong,0.313
accomplish,0.313
dispers,0.313
compel,0.305
manna,0.305
beneath,0.305
oven,0.305
cain,0.305
ishmael,0.295
fruit,0.267
midian,0.258
tablet,0.254
spot,0.254
blasphemi,0.25
see,0.248
middl,0.244
greet,0.238
larg,0.238
blew,0.229
point,0.229
steal,0.229
slaughter,0.222
mightier,0.218
practic,0.214
destruct,0.212
left,0.211
soothsay,0.209
block,0.209
damag,0.209
uncl,0.209
pick,0.209
previous,0.209
giant,0.209
zacharia,0.206
fragment,0.206
vehement,0.206
cloak,0.206
threat,0.206
grind,0.206
moth,0.206
purg,0.206
win,0.206
knelt,0.206
govern,0.206
shore,0.206
appli,0.206
bolt,0.206
mantl,0.206
sheath,0.206
equip,0.206
occur,0.206
station,0.206
ridicul,0.206
hailston,0.206
narrow,0.206
cheat,0.206
prescrib,0.206
inscript,0.206
gaze,0.206
tarri,0.206
yearn,0.206
lain,0.206
quarter,0.206
renown,0.206
guarante,0.194
admonit,0.194
profess,0.194
invis,0.194
martyr,0.194
ascertain,0.194
accur,0.194
farewel,0.194
cultiv,0.194
exit,0.194
structur,0.194
twig,0.194
batter,0.194
stamp,0.194
whistl,0.194
sew,0.194
roam,0.194
overtaken,0.194
backbit,0.194
growth,0.194
sudden,0.194
spider,0.194
weaken,0.194
deposit,0.194
rip,0.194
class,0.194
lighter,0.194
proven,0.194
daybreak,0.194
smallest,0.194
detain,0.194
exhaust,0.194
gallop,0.194
ain,0.194
loathsom,0.194
perman,0.194
prostitut,0.194
breed,0.194
uninhabit,0.194
wring,0.194
materi,0.194
composit,0.194
bucket,0.194
cruelti,0.194
uppermost,0.194
err,0.192
lighten,0.192
thank,0.192
occas,0.192
circl,0.192
coat,0.192
span,0.192
late,0.192
paid,0.187
take,0.186
close,0.181
separ,0.179
attack,0.164
chose,0.157
propheci,0.155
crush,0.155
moment,0.155
willingli,0.155
catch,0.155
bitterli,0.155
bank,0.155
intend,0.155
distanc,0.155
swell,0.15
watch,0.149
even,0.143
enemi,0.136
merchandis,0.127
accompani,0.127
cluster,0.127
blossom,0.127
brick,0.127
acquir,0.127
lean,0.124
content,0.124
attend,0.123
food,0.119
consult,0.113
hunger,0.113
leg,0.113
lofti,0.112
overwhelm,0.112
tie,0.112
surfac,0.112
etern,0.106
terror,0.106
uprightli,0.104
greedi,0.104
solid,0.104
uzza,0.104
invad,0.104
foolishli,0.104
presumptu,0.104
acquit,0.104
bottom,0.104
select,0.104
struggl,0.104
cook,0.104
skill,0.104
slept,0.104
joseph,0.102
womb,0.101
acknowledg,0.093
feebl,0.093
justic,0.091
gave,0.091
complain,0.09
sinner,0.083
bright,0.079
dictat,0.075
dull,0.075
convinc,0.075
highli,0.075
world,0.075
wean,0.075
straight,0.075
surrend,0.075
announc,0.075
veget,0.075
tall,0.075
survivor,0.075
dish,0.075
ewe,0.075
alli,0.075
bake,0.074
veil,0.071
forev,0.065
white,0.063
eas,0.062
splendor,0.062
dare,0.062
push,0.062
begun,0.062
grove,0.062
jealou,0.062
tast,0.062
noon,0.062
boldli,0.062
devis,0.053
rabbi,0.045
cold,0.045
dig,0.045
straw,0.045
abund,0.041
guard,0.039
make,0.039
principl,0.037
motion,0.037
livelihood,0.037
foam,0.037
anxiou,0.037
joyou,0.037
coin,0.037
har,0.037
wake,0.037
wink,0.037
uniti,0.037
manifold,0.037
gap,0.037
storag,0.037
format,0.037
main,0.037
fatten,0.037
lifetim,0.037
ladi,0.037
bee,0.037
passag,0.037
limb,0.037
lit,0.037
underneath,0.037
yarn,0.037
hoof,0.037
lice,0.037
stalk,0.037
appeas,0.037
lentil,0.037
tamarisk,0.037
reced,0.037
eve,0.037
shoot,0.036
busi,0.036
render,0.036
korah,0.036
death,0.036
cave,0.033
effect,0.032
fault,0.032
choke,0.031
reput,0.031
contenti,0.031
laughter,0.031
comprehend,0.031
rubi,0.031
wet,0.031
expert,0.031
perfectli,0.031
enrich,0.031
pretend,0.031
ar,0.031
succeed,0.031
unknown,0.031
streak,0.031
horror,0.031
grandson,0.031
jonah,0.03
base,0.03
rais,0.028
interpret,0.025
hasten,0.024
feed,0.024
dream,0.024
sun,0.02
wind,0.02
scriptur,0.019
treacher,0.019
slumber,0.018
infant,0.018
uproot,0.018
individu,0.018
absent,0.018
admonish,0.016
gladli,0.016
roast,0.016
enmiti,0.016
wipe,0.013
earthquak,0.013
grasp,0.013
note,0.013
forgotten,0.013
withhold,0.013
discharg,0.011
beauti,0.01
state,0.009
psalm,0.009
ago,0.009
er,0.009
hinder,0.009
fulfil,0.008
corrupt,0.008
advers,0.006
terrifi,0.006
step,0.006
drive,0.006
preserv,0.006
treasur,0.005
pleas,0.005
dark,0.005
age,0.001
transpar,0
chrysolit,0
chrysopras,0
sardonyx,0
chalcedoni,0
omnipot,0
alleluia,0
craft,0
flutist,0
shipmast,0
splendid,0
citron,0
armageddon,0
furlong,0
harpist,0
spew,0
dragon,0
sulfur,0
hyacinth,0
abaddon,0
apollyon,0
bottomless,0
quart,0
salv,0
lukewarm,0
antipa,0
nicolaitan,0
persev,0
sardi,0
smyrna,0
pergamo,0
philadelphia,0
patmo,0
omega,0
alpha,0
grumbler,0
domain,0
crept,0
unnot,0
diotreph,0
antichrist,0
advoc,0
untaught,0
brute,0
dignitari,0
ensur,0
shortsight,0
briefli,0
antityp,0
courteou,0
vice,0
newborn,0
foreordain,0
aimless,0
indic,0
grumbl,0
corros,0
corrod,0
jealous,0
sensual,0
similitud,0
unruli,0
stricter,0
unspot,0
implant,0
variat,0
unwittingli,0
disloc,0
sheepskin,0
sawn,0
goatskin,0
illumin,0
repeatedli,0
holiest,0
obsolet,0
faultless,0
deriv,0
forerunn,0
immut,0
sluggish,0
elementari,0
unskil,0
sympath,0
partaken,0
drift,0
apphia,0
philemon,0
zena,0
nicopoli,0
artema,0
fidel,0
pilfer,0
discreet,0
homemak,0
claudia,0
linu,0
eubulu,0
puden,0
prisca,0
coppersmith,0
carpu,0
crescen,0
dalmatia,0
disapprov,0
jambr,0
jann,0
gullibl,0
headstrong,0
cancer,0
philetu,0
hardwork,0
athlet,0
enlist,0
onesiphoru,0
hermogen,0
phygellu,0
loi,0
eunic,0
unapproach,0
potent,0
wrangl,0
obsess,0
prejudic,0
eldership,0
novic,0
hymenaeu,0
insubordin,0
endless,0
fabl,0
busybodi,0
admir,0
sober,0
archangel,0
devoutli,0
archippu,0
laodicean,0
nympha,0
dema,0
luke,0
hierapoli,0
cousin,0
onesimu,0
circumst,0
scythian,0
ligament,0
handwrit,0
philosophi,0
basic,0
laodicea,0
preemin,0
epaphra,0
coloss,0
philippian,0
clement,0
epaphroditu,0
progress,0
further,0
deacon,0
bishop,0
shod,0
wile,0
pleaser,0
eyeservic,0
wrinkl,0
dissip,0
circumspectli,0
tenderheart,0
pastor,0
dispens,0
commonwealth,0
conceit,0
heresi,0
selfish,0
outburst,0
ambit,0
correspond,0
freewoman,0
zealous,0
beggarli,0
element,0
tutor,0
straightforward,0
favorit,0
stealth,0
judaism,0
foretel,0
buffet,0
inexpress,0
damascen,0
areta,0
peril,0
shipwreck,0
minu,0
emin,0
overextend,0
sphere,0
giver,0
sparingli,0
unprepar,0
willing,0
urgenc,0
downcast,0
titu,0
belial,0
unequ,0
sleepless,0
uncloth,0
unlift,0
unlik,0
peddl,0
reaffirm,0
silvanu,0
heartili,0
brave,0
terrestri,0
celesti,0
pitiabl,0
uninform,0
dimli,0
rude,0
clang,0
schism,0
modesti,0
unpresent,0
communion,0
disqualifi,0
imperish,0
embolden,0
conscious,0
puff,0
happier,0
improperli,0
misus,0
freedman,0
concess,0
homosexu,0
sodomit,0
imit,0
defam,0
homeless,0
poorli,0
persuas,0
sanctif,0
stephana,0
chloe,0
quartu,0
tertiu,0
epistl,0
julia,0
philologu,0
olympa,0
nereu,0
phlegon,0
asyncritu,0
patroba,0
herma,0
persi,0
tryphena,0
tryphosa,0
countryman,0
narcissu,0
herodion,0
aristobulu,0
apel,0
stachi,0
urbanu,0
amplia,0
junia,0
andronicu,0
epaenetu,0
spain,0
aim,0
illyricum,0
edif,0
scrupl,0
revelri,0
unafraid,0
hospit,0
brotherli,0
affection,0
function,0
soberli,0
transform,0
irrevoc,0
graft,0
stupor,0
sabaoth,0
rebecca,0
conqueror,0
foreknew,0
conform,0
earnest,0
abba,0
wretch,0
old,0
new,0
persever,0
justif,0
blessed,0
propiti,0
hearer,0
impenit,0
inexcus,0
unforgiv,0
unmerci,0
untrustworthi,0
undiscern,0
inventor,0
boaster,0
minded,0
passion,0
incorrupt,0
godhead,0
barbarian,0
impart,0
bondserv,0
rhegium,0
puteoli,0
syracus,0
figurehead,0
dysenteri,0
entertain,0
publiu,0
estat,0
courteous,0
jump,0
mainsail,0
hoist,0
rudder,0
beach,0
prow,0
fathom,0
sailor,0
adriat,0
abstin,0
tackl,0
overboard,0
cabl,0
undergird,0
aground,0
syrti,0
clauda,0
skiff,0
euroclydon,0
phoenix,0
southwest,0
northwest,0
helmsman,0
lasea,0
crete,0
cnidu,0
myra,0
lycia,0
juliu,0
adramyttium,0
befit,0
commiss,0
vote,0
strictest,0
auditorium,0
agrippa,0
bernic,0
festu,0
porciu,0
drusilla,0
adjourn,0
assent,0
ringlead,0
courtesi,0
tediou,0
foresight,0
orat,0
tertullu,0
antipatri,0
felix,0
lysia,0
spearmen,0
citizenship,0
uncondemn,0
thong,0
barrack,0
myriad,0
mnason,0
pack,0
evangelist,0
ptolemai,0
voyag,0
aboard,0
rhode,0
patara,0
co,0
necess,0
savag,0
trogyllium,0
chio,0
miletu,0
samo,0
mitylen,0
asso,0
eutychu,0
tychicu,0
sopat,0
trophimu,0
secundu,0
thessalonian,0
disorderli,0
clerk,0
gaiu,0
aristarchu,0
macedonian,0
theater,0
ephesian,0
diana,0
demetriu,0
erastu,0
sceva,0
itiner,0
exorcist,0
exorcis,0
school,0
tyrannu,0
apollo,0
alexandria,0
galatia,0
ephesu,0
cenchrea,0
sosthen,0
achaia,0
gallio,0
crispu,0
corinthian,0
tentmak,0
itali,0
aquila,0
priscilla,0
corinth,0
dionysiu,0
areopagit,0
damari,0
preappoint,0
athenian,0
areopagu,0
athen,0
berea,0
jason,0
demonstr,0
thessalonica,0
amphipoli,0
apollonia,0
jailer,0
thyatira,0
customarili,0
coloni,0
samothrac,0
neapoli,0
macedonia,0
troa,0
bithynia,0
mysia,0
timothi,0
strangl,0
unsettl,0
sila,0
dissens,0.0
attalia,0
iconium,0
bygon,0
garland,0
zeu,0
herm,0
speaker,0
lycaonian,0
crippl,0
lystra,0
lycaonia,0
derb,0
unworthi,0
uplift,0
pisidia,0
perga,0
paul,0
elyma,0
proconsul,0
sergiu,0
paulu,0
papho,0
salami,0
seleucia,0
niger,0
luciu,0
manaen,0
blastu,0
squad,0
claudiu,0
agabu,0
phoenicia,0
tranc,0
regiment,0
corneliu,0
italian,0
tanner,0
tabitha,0
dorca,0
bedridden,0
aenea,0
lydda,0
edifi,0
tarsu,0
azotu,0
candac,0
havoc,0
remphan,0
moloch,0
freedmen,0
alexandrian,0
cilicia,0
stephen,0
nicola,0
nicanor,0
prochoru,0
timon,0
antioch,0
parmena,0
hellenist,0
outcom,0
sapphira,0
anania,0
barnaba,0
uneduc,0
foretold,0
simplic,0
patriarch,0
foresaw,0
foreknowledg,0
cretan,0
pamphylia,0
rome,0
phrygia,0
cappadocia,0
parthian,0
asia,0
pontu,0
pentecost,0
apostleship,0
justu,0
matthia,0
barsaba,0
dama,0
akel,0
infal,0
breakfast,0
rabboni,0
clopa,0
titl,0
gabbatha,0
malchu,0
towel,0
expedi,0
gravecloth,0
hirel,0
illustr,0
unheard,0
conscienc,0
convict,0
murmur,0
tiberia,0
bethesda,0
sychar,0
certifi,0
aenon,0
salim,0
nicodemu,0
gallon,0
cana,0
nathanael,0
cepha,0
bethabara,0
endu,0
broil,0
constrain,0
cleopa,0
latin,0
calvari,0
jurisdict,0
affirm,0.0
lordship,0
benefactor,0
olivet,0
carous,0
contradict,0.0
embank,0
auster,0
handkerchief,0
nobleman,0
zacchaeu,0
lazaru,0
sumptuous,0
bill,0
stewardship,0
pod,0
citizen,0
prodig,0
dunghil,0
lane,0
supper,0
dropsi,0
siloam,0
assail,0
ninevit,0
distract,0
martha,0
innkeep,0
steadfastli,0.0
welcom,0
jeopardi,0
chuza,0
susanna,0
nain,0
unthank,0
credit,0
zealot,0
match,0
tile,0
gennesaret,0
lake,0
mattathah,0
melea,0
menan,0
jonan,0
jorim,0
cosam,0
addi,0
elmodam,0
joanna,0
neri,0
rhesa,0
maath,0
semei,0
esli,0
mattathiah,0
naggai,0
matthat,0
melchi,0
janna,0
heli,0
bodili,0
intimid,0
anna,0
iturea,0
abilen,0
lysania,0
tiberiu,0
trachon,0
anxious,0
inn,0
quiriniu,0
augustu,0
henceforth,0
beckon,0
elizabeth,0
theophilu,0
narr,0
salom,0
eloi,0
cyrenian,0
alexand,0
rufu,0
salut,0
galilean,0
blindfold,0
sharpli,0
reader,0
quadran,0
mite,0
timaeu,0
bartimaeu,0
rigid,0
discuss,0
whiten,0
dalmanutha,0
leftov,0
ephphatha,0
impedi,0
syro,0
phoenician,0
corban,0
cumi,0
talitha,0
jairu,0
tame,0
gadaren,0
pillow,0
windstorm,0
pictur,0
cananit,0
boanerg,0
idumea,0
convuls,0
commonli,0
arimathea,0
magdalen,0
jose,0
spong,0
sabachthani,0
lama,0
wag,0
golgotha,0
cyren,0
praetorium,0
barabba,0
pilat,0
pontiu,0
spat,0
legion,0
gethseman,0
rooster,0
crow,0
hymn,0
remiss,0
iscariot,0
juda,0
caiapha,0
mill,0
chick,0
outwardli,0
strain,0
weightier,0
mint,0
anis,0
proselyt,0
lawyer,0
mistaken,0
caesar,0
herodian,0
bethani,0
changer,0
hosanna,0
bethphag,0
denariu,0
landown,0
regener,0
denarii,0
heathen,0
imposs,0
transfigur,0
caesarea,0
philippi,0
magdala,0
crumb,0
unwash,0
boister,0
ghost,0
herodia,0
tetrarch,0
unbelief,0
tare,0
unfruit,0
grainfield,0
hade,0
chorazin,0
bethsaida,0
beelzebub,0
harmless,0
toler,0
thoma,0
bartholomew,0
thaddaeu,0
philip,0
alphaeu,0
surnam,0
lebbaeu,0
apostl,0
unshrunk,0
matthew,0
gergesen,0
infirm,0
paralyz,0
centurion,0
lawless,0
thornbush,0
inwardli,0
speck,0
mammon,0
rust,0
mile,0
sue,0
resist,0
slap,0
sexual,0
penni,0
raca,0
exce,0
jot,0
tittl,0
flavor,0
peacemak,0
decapoli,0
paralyt,0
epilept,0
jame,0
zebede,0
andrew,0
peter,0
simon,0
capernaum,0
pinnacl,0
tempter,0
unquench,0
pharise,0
sadduce,0
baptist,0
nazaren,0
nazareth,0
archelau,0
herod,0
achim,0
eliud,0
azor,0
christ,0
earner,0
launder,0
malachi,0
panic,0
azal,0
rifl,0
coars,0
agreeabl,0
goatherd,0
wend,0
waterless,0
hadrach,0
fervor,0
sherez,0
hen,0
elabor,0
dappl,0
disc,0
perjur,0
receptacl,0
scan,0
capston,0
sorrel,0
bittern,0
saltpit,0
overrun,0
undesir,0
riddanc,0
speedi,0
maktesh,0
shigionoth,0
habakkuk,0
sumptuou,0
dragnet,0
purer,0
derid,0
astound,0
powerless,0
kiln,0
boundless,0
rampart,0
spectacl,0
jostl,0
emptier,0
tangl,0
wilt,0
elkoshit,0
nahum,0
snake,0
woodland,0
solitarili,0
sharper,0
go,0
abash,0
chant,0
flay,0
prattler,0
prattl,0
turncoat,0
maroth,0
zaanan,0
shaphir,0
aphrah,0
moor,0
cargo,0
repris,0
crossroad,0
confederaci,0
treader,0
strata,0
falsifi,0
spout,0
plumb,0
conflict,0
sikkuth,0
chiun,0
savor,0
harmon,0
fishhook,0
brotherhood,0
amo,0
waken,0
greek,0
menserv,0
shambl,0
drinker,0
pethuel,0
chimney,0
memor,0
sympathi,0
slash,0
arbel,0
shalman,0
jareb,0
shriek,0
darl,0
pregnanc,0
memphi,0
unturn,0
fraud,0
forag,0
poplar,0
teraphim,0
ruhamah,0
diblaim,0
hosea,0
beeri,0
riverbank,0
richest,0
leagu,0
intrigu,0
richer,0
speechless,0
frailti,0
tigri,0
featur,0
greec,0
ulai,0
pompou,0
mene,0
tekel,0
upharsin,0
kingli,0
enigma,0
belshazzar,0
psalteri,0
lyre,0
symphoni,0
herald,0
dura,0
administr,0
fragil,0
ceram,0
interview,0
goodwil,0
belteshazzar,0
abe,0
nego,0
shadrach,0
meshach,0
literatur,0
ashpenaz,0
hauran,0
hatticon,0
sibraim,0
berothah,0
hethlon,0
swamp,0
kitchen,0
evict,0
moisten,0
unmarri,0
galleri,0
wider,0
foursquar,0
exterior,0
archway,0
hamonah,0
marker,0
burier,0
steep,0
wholeheart,0
talker,0
but,0
riverb,0
chestnut,0
underground,0
rivulet,0
splint,0
tehaphneh,0
beseth,0
chub,0
expend,0
strenuous,0
lowliest,0
syen,0
prick,0
marin,0
caulker,0
sturdi,0
canneh,0
chilmad,0
helbon,0
tusk,0
eboni,0
barter,0
gammad,0
lydia,0
libya,0
market,0
caulk,0
pilot,0
oarsmen,0
arvad,0
departur,0
seafar,0
pillag,0
gateway,0
veng,0
stabl,0
signifi,0
scum,0
simmer,0
carefre,0
wagon,0
deleg,0
koa,0
shoa,0
paramour,0
babylonian,0
gorgeous,0
oholibah,0
oholah,0
wolv,0
lewdli,0
infam,0
mockeri,0
bloodi,0
bamah,0
foliag,0
bloodlin,0
shedder,0
terrac,0
topmost,0
quot,0
agit,0
brazen,0
insati,0
fleshli,0
multicolor,0
thrive,0
sleev,0
untemp,0
stoni,0
azzur,0
inkhorn,0
tammuz,0
singular,0
barber,0
dung,0
millet,0
portray,0
unfamiliar,0
amber,0
radiat,0
buzi,0
chebar,0
thirtieth,0
waif,0
track,0
soot,0
unrecogn,0
blacker,0
interrupt,0
offscour,0
refuge,0
cuddl,0
envis,0
swoon,0
bile,0
valuabl,0
servitud,0
lone,0
quartermast,0
joyous,0
monster,0
bristl,0
minni,0
derang,0
leb,0
kamai,0
pekod,0
merathaim,0
horrifi,0
chaldea,0
arraign,0
brow,0
junip,0
scabbard,0
mercenari,0
pretti,0
libyan,0
lydian,0
hophra,0
baali,0
ephai,0
kareah,0
jezaniah,0
conveni,0
nebushasban,0
sarsechim,0
sarez,0
rabmag,0
samgar,0
convers,0
armpit,0
jucal,0
cell,0
irijah,0
jehuc,0
cushi,0
jehudi,0
igdaliah,0
habazziniah,0
rechabit,0
recent,0
neriah,0
mahseiah,0
hanamel,0
surveyor,0
goath,0
untrain,0
satiat,0
planter,0
ordinari,0
medicin,0
enslav,0
dement,0
nehelamit,0
gemariah,0
azur,0
moresheth,0
sheshach,0
coniah,0
vermilion,0
prize,0
melchiah,0
magor,0
missabib,0
hopeless,0
gruesom,0
grip,0
unreli,0
bemoan,0
snif,0
footmen,0
floodplain,0
catastroph,0
docil,0
commot,0
metalsmith,0
uphaz,0
recoveri,0
slidden,0
residu,0
amend,0
smelter,0
bellow,0
assay,0
blush,0
slightli,0
cage,0
lusti,0
neigh,0
stallion,0
bowmen,0
beheld,0
silli,0
procur,0
pretens,0
casual,0
lover,0
unshod,0
sniff,0
lye,0
degener,0
tahpanh,0
dandl,0
delus,0
meni,0
holier,0
beulah,0
plowmen,0
roost,0
nebaioth,0
dromedari,0
clad,0
hatch,0
undo,0
debat,0
exploit,0
nuditi,0
bark,0
sower,0
ho,0
gem,0
smitten,0
comeli,0
visag,0
sinim,0
matrix,0
prognost,0
monthli,0
astrolog,0
stargaz,0
arbitr,0
lavish,0
bel,0
carriag,0
plane,0
chalk,0
watercours,0
gasp,0
elect,0
pine,0
sledg,0
nonexist,0
solder,0
anvil,0
loveli,0
warfar,0
poultic,0
lovingli,0
crane,0
dial,0
unstop,0
soak,0
galley,0
oar,0
caterpillar,0
assur,0
bustl,0
tophet,0
pyre,0
brandish,0
festiv,0
siev,0
fan,0
shard,0
shebeth,0
hane,0
pale,0
reprov,0
liter,0
paus,0
instant,0
cartwheel,0
cummin,0
plowman,0
unusu,0
stammer,0
diadem,0
verdant,0
chalkston,0
rough,0
fort,0
trickeri,0
swimmer,0
lee,0
antiqu,0
harbor,0
sepulch,0
dedanit,0
waver,0
dealer,0
sargon,0
noph,0
mainstay,0
delud,0
fishermen,0
sprig,0
sunshin,0
buzz,0
seedl,0
hareseth,0
extortion,0
devast,0
spoiler,0
dimon,0
eglaim,0
nimrim,0
horonaim,0
luhith,0
muddi,0
porcupin,0
lucif,0
maggot,0
woodsman,0
hyena,0
caper,0
wedg,0
amaz,0
tumultu,0
dryshod,0
pathro,0
leopard,0
stem,0
lop,0
gebim,0
madmenah,0
aiath,0
chop,0
peep,0
calno,0
gloom,0
wizard,0
shiloah,0
jeberechiah,0
maher,0
shalal,0
baz,0
hash,0
hoe,0
immanuel,0
tong,0
seraphim,0
pomp,0
inflam,0
stench,0
festal,0
headband,0
headdress,0
box,0
fineri,0
anklet,0
scarv,0
wanton,0
jingl,0
minc,0
rug,0
abolish,0
sloop,0
tinder,0
penit,0
alloy,0
hut,0
hamon,0
leas,0
sleeper,0
tress,0
rabbim,0
navel,0
beverag,0
curv,0
workman,0
shulamit,0
verdur,0
inlaid,0
fitli,0
wavi,0
latch,0
calamu,0
saffron,0
link,0
fawn,0
shorn,0
wed,0
interior,0
palanquin,0
fragrant,0
bether,0
stag,0
lovesick,0
rafter,0
henna,0
bloom,0
spikenard,0
stud,0
filli,0
fairest,0
conclus,0
rave,0
babbler,0
concili,0
odor,0
putrefi,0
nevermor,0
overli,0
debas,0
crackl,0
unduli,0
threefold,0
succe,0
orchard,0
gratifi,0
vaniti,0
lemuel,0
churn,0
greyhound,0
folk,0
perturb,0
leech,0
malign,0
ucal,0
agur,0
jakeh,0
pamper,0
blamelessli,0
pestl,0
raini,0
hearti,0
weighti,0
fervent,0
earthenwar,0
charcoal,0
firebrand,0
sensibl,0
flit,0
murki,0
weather,0
soda,0
club,0
seldom,0
overgrown,0
schemer,0
troublemak,0
sting,0
rag,0
winebibb,0
overwork,0
lender,0
forese,0
endlessli,0
greedili,0
pacifi,0
sift,0
reconsid,0
divers,0
hastili,0
gravel,0
buyer,0
brawler,0
disreput,0
wari,0
careless,0
nobil,0
entreati,0
sloth,0
trifl,0
tasti,0
inmost,0
percept,0
wellspr,0
unpunish,0
awri,0
allay,0
dinner,0
wholesom,0
chatter,0
temper,0
quick,0
backslid,0
promptli,0
dishonesti,0
frivol,0
slight,0
snout,0
ruthless,0
jubil,0
prate,0
clamor,0
scoffer,0
primal,0
travers,0
impud,0
sear,0
crust,0
allur,0
reproof,0
shuffl,0
prowler,0
sluggard,0
entrap,0
enraptur,0
doe,0
ponder,0.0
vat,0
seductress,0
immor,0
complac,0
concours,0
purs,0
brokenheart,0
outcast,0
expectantli,0
barn,0
style,0
delicaci,0
asp,0
unform,0
uttermost,0
raze,0
mirth,0
profound,0
plower,0
fowler,0
swollen,0
compact,0
dross,0
liberti,0
contempl,0
undefil,0
laud,0
mutter,0
tide,0
discret,0
veriti,0
waterspr,0
reel,0
drunken,0
stagger,0
rashli,0
interven,0
innumer,0
teem,0
cliff,0
sap,0
pelican,0
equiti,0
fellowship,0
anxieti,0
outwit,0
liken,0
distraught,0
adrift,0
mob,0
pathway,0
baca,0
sparrow,0
gebal,0
hater,0
freed,0
beseech,0
boar,0
hedg,0
stoutest,0
fanci,0
aright,0
dreg,0
dissolv,0
haunt,0
untru,0
loftili,0
bulg,0
isl,0
mow,0
resort,0
player,0
scalp,0
fume,0
peak,0
yah,0
ridg,0
outgo,0
vainli,0
robberi,0
totter,0
washpot,0
growl,0
belch,0
snail,0
fang,0
charmer,0
charm,0
lute,0
hound,0
smoother,0
softer,0
throng,0
windi,0
noisili,0
moan,0
tempestu,0
disclos,0
bulwark,0
humil,0
fairer,0
theme,0
writer,0
deris,0
billow,0
waterfal,0
mizar,0
sickb,0
miri,0
vapor,0
muse,0
pant,0
foul,0
fester,0
slide,0
meek,0
fret,0
ah,0
slipperi,0
buckler,0
contrit,0
melodi,0
vital,0
extol,0
skip,0
splinter,0
endeavor,0
sinist,0
wax,0
enthron,0
yea,0
convert,0
bridegroom,0
handiwork,0
deviou,0
shrewd,0
pang,0
eager,0
lovingkind,0
prowl,0
idli,0
sneer,0
sunk,0
babe,0
rend,0
swim,0
drench,0
cheekbon,0
selah,0
keziah,0
jemimah,0
keren,0
happuch,0
potsherd,0
undersid,0
slingston,0
harpoon,0
leash,0
jaw,0
behemoth,0
annul,0
resid,0
crag,0
aha,0
rattl,0
clash,0
pinion,0
manger,0
onag,0
lair,0
crouch,0
appetit,0
clump,0
bottl,0
mazzaroth,0
cub,0
diffus,0
uprais,0
farther,0
swaddl,0
cornerston,0
dispatch,0
swirl,0
satur,0
moistur,0
frozen,0
whirlwind,0
rumbl,0
distil,0
sung,0
dire,0
fetch,0
advantag,0
execution,0
succul,0
flatter,0
vent,0
buzit,0
barachel,0
weed,0
furrow,0
prosecutor,0
adher,0
jackal,0
mire,0
collar,0
gnaw,0
ruinou,0
breaker,0
rabbl,0
restraint,0
taunt,0
nestl,0
nettl,0
mallow,0
approv,0
hush,0
friendli,0
prime,0
coral,0
quartz,0
trickl,0
trodden,0
ore,0
smelt,0
hiss,0
sweep,0
nonsens,0
circular,0
sweetli,0
huddl,0
uniqu,0
listless,0
puriti,0.0
countless,0
clod,0
vigil,0
pail,0
marrow,0
chaff,0
impati,0
unfan,0
suck,0
sour,0
estrang,0
fenc,0
starv,0
noos,0
trap,0
net,0
stupid,0
flatteri,0
mocker,0
flush,0
eyelid,0
sewn,0
shatter,0
gape,0
gnash,0
shrivel,0
overspread,0
stubbornli,0
emboss,0
defiantli,0
writh,0
consol,0
unprofit,0
scent,0.0
stump,0.0
decay,0
rotten,0
stock,0
platitud,0
forger,0
pathless,0
disarm,0
loosen,0
robber,0
inferior,0.0
brighter,0
broader,0
sheol,0
doctrin,0
naamathit,0
zophar,0
sinew,0
curdl,0
mediat,0
soap,0
plight,0
tempest,0
orion,0
pleiad,0
evildo,0
uphold,0
flourish,0.0
papyru,0
marsh,0
shuhit,0
bildad,0
watcher,0.0
scare,0
shuttl,0
afresh,0
toss,0
futil,0
wearisom,0
eagerli,0
unsavori,0
conced,0
undermin,0
ice,0
exult,0
flavorless,0
amiss,0
daytim,0
noontim,0
unsearch,0
simpl,0
disquiet,0
upheld,0
stillborn,0
leviathan,0
sabean,0
shun,0
island,0
purim,0
unwal,0
parmashta,0
vajezatha,0
arisai,0
aridai,0
aridatha,0
poratha,0
adalia,0
parshandatha,0
aspatha,0
dalphon,0
sivan,0
countrymen,0
revok,0
counteract,0
harbonah,0
undon,0
parad,0
horseback,0
crest,0
bigthana,0
merrili,0
zeresh,0
banquet,0
hathach,0
wail,0
perplex,0
publish,0
annihil,0
courier,0
pur,0
agagit,0
promot,0.0
hammedatha,0
gallow,0
bigthan,0
teresh,0
holiday,0
shaashgaz,0
readili,0
hegai,0
custodian,0
esther,0
hadassah,0
empir,0
memucan,0
mehuman,0
abagtha,0
carca,0
zethar,0
harbona,0
biztha,0
bigtha,0
vashti,0
compulsori,0
alabast,0
mosaic,0
ahasueru,0
india,0
seller,0
jezrahiah,0
director,0
minjamin,0
stairway,0
milalai,0
maai,0
gilalai,0
hoshaiah,0
choir,0
kallai,0
helkai,0
melichu,0
meraiah,0
joiakim,0
joiada,0
amok,0
ginnethoi,0
judean,0
neballat,0
aija,0
meconah,0
jekabzeel,0
gishpa,0
bakbukiah,0
amashai,0
meshillemoth,0
ahzai,0
pelaliah,0
senuah,0
gabbai,0
sallai,0
kolaiah,0
jo,0
ithiel,0
hazaiah,0
shiloni,0
storeroom,0
forego,0
ware,0
anan,0
hashabnah,0
pilha,0
shobek,0
meshezabel,0
jaddua,0
beninu,0
azaniah,0
bilgai,0
ginnethon,0
hacaliah,0
document,0
shrug,0
precept,0
cloudi,0
persecutor,0
chenani,0
bunni,0
myrtl,0
hodijah,0
hashbadana,0
anaiah,0
addon,0
perida,0
bazlith,0
hakupha,0
bakbuk,0
harhur,0
nephishesim,0
meunim,0
hagaba,0
lebana,0
salmai,0
sia,0
hodevah,0
hariph,0
spaciou,0
dishearten,0
elul,0
slaveri,0
mortgag,0
ralli,0
miphkad,0
zalaph,0
palal,0
project,0
uzai,0
ananiah,0
baruch,0
section,0
bavai,0
azbuk,0
hozeh,0
shallun,0
haccerem,0
hallohesh,0
hashabniah,0
harumaph,0
district,0
goldsmith,0
harhaiah,0
besodeiah,0
hassenaah,0
hananel,0
geshem,0
horonit,0
sanballat,0
deepli,0
disturb,0
occupi,0.0
nisan,0
chislev,0
hachaliah,0
jaddai,0
zebina,0
machnadebai,0
sharai,0
shashai,0
jaasai,0
vaniah,0
bedeiah,0
cheluh,0
uel,0
maadai,0
mattattah,0
jeremai,0
mattenai,0
shimeon,0
ishijah,0
adna,0
chelal,0
athlai,0
zabbai,0
zattu,0
aziza,0
jeziah,0
ramiah,0
malchiah,0
kelaiah,0
kelita,0
elasah,0
jahaziah,0
shabbethai,0
spite,0
satrap,0
meremoth,0
noadiah,0
binnui,0
polish,0
sherebiah,0
casiphia,0
joiarib,0
ariel,0
jarib,0
ahava,0
zabbud,0
hakkatan,0
azgad,0
pahath,0
beautifi,0
confisc,0
magistr,0
need,0.0
volunt,0
ezra,0
edict,0
media,0
achmetha,0
archiv,0
rebuild,0
judea,0
persian,0
dariu,0
tattenai,0
shethar,0
boznai,0
haggai,0
sedit,0
dishonor,0
osnapp,0
elamit,0
apharsathchit,0
dinait,0
dehavit,0
shushan,0
tarpelit,0
shimshai,0
artaxerx,0
script,0
translat,0
tabel,0
bishlam,0
henadad,0
jozadak,0
shealtiel,0
drachma,0
koz,0
habaiah,0
tobiah,0
tel,0
addan,0
melah,0
zebaim,0
ami,0
hattil,0
pochereth,0
jaala,0
darkon,0
sotai,0
peruda,0
sophereth,0
hatipha,0
neziah,0
tamah,0
barko,0
bazluth,0
harsha,0
mehida,0
paseah,0
besai,0
nekoda,0
gazzam,0
gahar,0
giddel,0
shalmai,0
hagab,0
lebanah,0
hagabah,0
kero,0
padon,0
siaha,0
hasupha,0
tabbaoth,0
ziha,0
shobai,0
hatita,0
kadmiel,0
pashhur,0
senaah,0
hadid,0
magbish,0
michma,0
netophah,0
hashum,0
jorah,0
bezai,0
ater,0
adin,0
adonikam,0
bebai,0
zaccai,0
parosh,0
mordecai,0
mispar,0
bigvai,0
bilshan,0
rehum,0
nehemiah,0
reelaiah,0
sheshbazzar,0
mithredath,0
cyru,0
persia,0
remedi,0
depos,0
carchemish,0
conaniah,0
tokhath,0
hasrah,0
foremen,0
joahaz,0
implor,0
outlet,0
shamefac,0
shecaniah,0
jeshua,0
miniamin,0
ismachiah,0
azaziah,0
cononiah,0
runner,0
debri,0
neglig,0
jeer,0
rubbish,0
gimzo,0
ophel,0
jerushah,0
withstood,0
buttress,0
shimeath,0
shimrith,0
reinforc,0
contribut,0
elishaphat,0
jehoshabeath,0
downfal,0
azaryahu,0
dodavah,0
shilhi,0
ziz,0
jeruel,0
hazazon,0
imla,0
amasiah,0
increasingli,0
arabian,0.0
tobijah,0
tobadonijah,0
mixtur,0
ingredi,0
maladi,0
turmoil,0
ode,0
enclosur,0
zephathah,0
annal,0
ephrain,0
jeshanah,0
withstand,0
sukkiim,0
lubim,0
shamariah,0
zaham,0
eliah,0
adoraim,0
walkway,0
algum,0
seacoast,0
platform,0
entri,0
purest,0
zeredah,0
parvaim,0
prudenc,0
crimson,0
daric,0
marbl,0
slab,0
refin,0
footstool,0
hachmoni,0
meronothit,0
obil,0
shitrai,0
adlai,0
sharonit,0
gederit,0
ramathit,0
shiphmit,0
ezri,0
jehonathan,0
jaasiel,0
heldai,0
ammizabad,0
dodai,0
jashobeam,0
zabdiel,0
militari,0
jerijah,0
parbar,0
shallecheth,0
shelemiah,0
tebaliah,0
othni,0
semachiah,0
rephael,0
peulthai,0
jehozabad,0
eliehoenai,0
jehohanan,0
jathniel,0
azarel,0
jesharelah,0
jizri,0
student,0
teacher,0
bukkiah,0
mallothi,0
eliathah,0
giddalti,0
mahazioth,0
romamti,0
hothir,0
joshbekashah,0
zeri,0
asharelah,0
ibri,0
shoham,0
jaaziah,0
beno,0
shelomoth,0
isshiah,0
shubael,0
jehdeiah,0
maaziah,0
gamul,0
jehezekel,0
pethahiah,0
happizzez,0
hezir,0
bilgah,0
sixteenth,0
huppah,0
jeshebeab,0
mijamin,0
harim,0
seorim,0
schedul,0
michah,0
jesshiah,0
jekameam,0
jeriah,0
rehabiah,0
shebuel,0
zizah,0
zina,0
haziel,0
zetham,0
magnific,0
inexperienc,0
ornan,0
million,0
sippai,0
shophach,0
shavsha,0
tou,0
tibhath,0
chun,0
magnifi,0
evermor,0
shebaniah,0
jehiah,0
chenaniah,0
instructor,0
elipheleh,0
maaseiah,0
jehiel,0
jaaziel,0
unni,0
shemiramoth,0
mikneiah,0
resound,0
elishua,0
elpelet,0
ibhar,0
shihor,0
stoutheart,0
aaronit,0
adnah,0
endang,0
machbanai,0
elzabad,0
mishmannah,0
eluzai,0
bealiah,0
haruphit,0
shemariah,0
gederathit,0
jahaziel,0
jozabad,0
ishmaiah,0
jeziel,0
gibeathit,0
shemaah,0
berachah,0
tizit,0
shama,0
uzzia,0
ashterathit,0
aroerit,0
mithnit,0
joshaphat,0
berothit,0
hagri,0
mibhar,0
ezbai,0
hezro,0
naarai,0
mecherathit,0
pelonit,0
sacar,0
eliph,0
gizonit,0
shageh,0
hashem,0
arbathit,0
hurai,0
ithai,0
sibbechai,0
ilai,0
pasdammim,0
tahrea,0
merib,0
shimeam,0
mattithiah,0
meshelemiah,0
kore,0
talmon,0
jeduthun,0
bakbakkar,0
galal,0
heresh,0
hasshub,0
maasai,0
jahzerah,0
meshillemith,0
immer,0
pashur,0
jehoiarib,0
michri,0
ibneiah,0
ibnijah,0
sallu,0
hassenuah,0
jeuel,0
uthai,0
imri,0
nethinim,0
inscrib,0
eshek,0
sheariah,0
bocheru,0
binea,0
raphah,0
azel,0
azmaveth,0
jehoaddah,0
pithon,0
tarea,0
melech,0
esh,0
alongsid,0
mikloth,0
zecher,0
jaareshiah,0
shamsherai,0
shehariah,0
iphdeiah,0
antothijah,0
ishpan,0
beraiah,0
shimrath,0
elienai,0
zillethai,0
jakim,0
ishmerai,0
jizliah,0
hizki,0
ispah,0
joha,0
zebadiah,0
shashak,0
jeremoth,0
ono,0
sheme,0
misham,0
lod,0
elpaal,0
abitub,0
jeuz,0
sachiah,0
mirmah,0
malcam,0
zibia,0
hodesh,0
shaharaim,0
baara,0
shephuphan,0
ahoah,0
abihud,0
nohah,0
rapha,0
aharah,0
ulla,0
rizia,0
haniel,0
arah,0
ara,0
pispah,0
hod,0
beera,0
jithran,0
shamma,0
shilshah,0
suah,0
beri,0
imrah,0
harneph,0
zophah,0
shelesh,0
imna,0
amal,0
helem,0
rohgah,0
jehubbah,0
pasach,0
ashvath,0
bimhal,0
shomer,0
japhlet,0
hotham,0
birzaith,0
ishvah,0
imnah,0
ishvi,0
naaran,0
ayyah,0
laadan,0
rephah,0
telah,0
resheph,0
sheerah,0
uzzen,0
elead,0
eladah,0
aniam,0
likhi,0
ahian,0
hammoleketh,0
ishhod,0
peresh,0
rakem,0
ulam,0
sheresh,0
jahziel,0
shuppim,0
aher,0
ahishahar,0
tharshish,0
zethan,0
zemirah,0
jerimoth,0
iri,0
jediael,0
jeriel,0
jibsam,0
jahmai,0
jahzah,0
mashal,0
anem,0
jokmeam,0
alemeth,0
hilen,0
shamer,0
amzi,0
hashabiah,0
abdi,0
kishi,0
malluch,0
ethni,0
malchijah,0
baaseiah,0
berachiah,0
mahath,0
toah,0
haggiah,0
zophai,0
amasai,0
ahimoth,0
uriel,0
ebiasaph,0
jeatherai,0
zimmah,0
jehozadak,0
amariah,0
zerahiah,0
meraioth,0
uzzi,0
abishua,0
hara,0
jahdiel,0
azriel,0
eliel,0
nodab,0
sharon,0
abdiel,0
ahi,0
jahdo,0
huri,0
jaroah,0
jeshishai,0
jorai,0
zia,0
jachan,0
hagrit,0
azaz,0
jeiel,0
regist,0
beerah,0
meunit,0
hamit,0
jedaiah,0
shimri,0
shiphi,0
ziza,0
jeshohaiah,0
jesimiel,0
adiel,0
jaakobah,0
asiel,0
joshibiah,0
joshah,0
meshobab,0
jamlech,0
susim,0
biri,0
tolad,0
zacchur,0
hamuel,0
potter,0
netaim,0
ashbea,0
laadah,0
lecah,0
shimon,0
zoheth,0
rinnah,0
tilon,0
garmit,0
hodiah,0
naham,0
bithiah,0
jekuthiel,0
jehudijah,0
jere,0
ishbah,0
ezrah,0
jalon,0
jehallelel,0
tiria,0
asarel,0
ziphah,0
iru,0
naam,0
ge,0
harashim,0
meonothai,0
hathath,0
eshton,0
shuhah,0
chelub,0
mehir,0
ethnan,0
haahashtari,0
temeni,0
ahuzzam,0
helah,0
hushah,0
gedor,0
idbash,0
ishma,0
hazelelponi,0
jahath,0
reaiah,0
lahad,0
ahumai,0
hodaviah,0
delaiah,0
akkub,0
pelaiah,0
anani,0
eliashib,0
elioenai,0
azrikam,0
hattush,0
bariah,0
neariah,0
arnan,0
pelatiah,0
jeshaiah,0
shechaniah,0
rephaiah,0
jushab,0
hasadiah,0
hashubah,0
berechiah,0
ohel,0
hananiah,0
zerubbabel,0
malchiram,0
shenazzar,0
jecamiah,0
nedabiah,0
hoshama,0
jeconiah,0
nogah,0
bathshua,0
eglah,0
ithream,0
daniel,0
shimeathit,0
jabez,0
tirathit,0
suchathit,0
zorit,0
manahethit,0
shumathit,0
eshtaolit,0
mishrait,0
zorathit,0
puthit,0
manuhoth,0
haroeh,0
gader,0
hareph,0
gibea,0
machbenah,0
sheber,0
tirhanah,0
regem,0
jahdai,0
geshan,0
shaaph,0
gazez,0
moza,0
jorkoam,0
raham,0
jekamiah,0
sismai,0
eleasah,0
zabad,0
ephlal,0
attai,0
jarha,0
zaza,0
peleth,0
ahlai,0
sheshan,0
ishi,0
sele,0
appaim,0
ahban,0
molid,0
abishur,0
shammai,0
jada,0
jerahmeel,0
atarah,0
ashhur,0
ephrathah,0
jesher,0
ardon,0
jerioth,0
azubah,0
ozem,0
raddai,0
salma,0
achar,0
canaanitess,0
jetheth,0
aliah,0
pai,0
hamran,0
shephi,0
alian,0
abida,0
hazarmaveth,0
jerah,0
almodad,0
sheleph,0
sabtecha,0
sabta,0
raama,0
rodanim,0
tarshishah,0
diphath,0
promin,0
merodach,0
tanhumeth,0
johanan,0
nethaniah,0
careah,0
jaazaniah,0
gedaliah,0
zephaniah,0
spoon,0
vinedress,0
defector,0
nineteenth,0
nebuzaradan,0
mattaniah,0
craftsmen,0
poorest,0
smith,0
elnathan,0
nehushta,0
jehoiachin,0
nebuchadnezzar,0
zebudah,0
pedaiah,0
rumah,0
jehoiakim,0
necho,0
hamut,0
jeremiah,0
graveston,0
pulver,0
topheth,0
idolatr,0
harha,0
huldah,0
tikvah,0
ahikam,0
asaiah,0
michaiah,0
overse,0
doorkeep,0
azaliah,0
meshullam,0
shaphan,0
jedidah,0
adaiah,0
meshullemeth,0
jotbah,0
haruz,0
plummet,0
hephzibah,0
armori,0
berodach,0
baladan,0
sundial,0
esarhaddon,0
nisroch,0
sharez,0
assyrian,0
downward,0
tumult,0
bridl,0
housetop,0
confound,0.0
sennacherib,0
telassar,0
rezeph,0
ethiopia,0
tirhakah,0
rumor,0
amoz,0
isaiah,0
asaph,0
ivah,0
hena,0
arpad,0
arama,0
hilkiah,0
eliakim,0
joah,0
shebna,0
tartan,0
fuller,0
rabsari,0
rabshakeh,0
aqueduct,0
nehushtan,0
abi,0
anammelech,0
sepharvit,0
nibhaz,0
adrammelech,0
tartak,0
cuth,0
nergal,0
benoth,0
ashima,0
samaritan,0
ava,0
sepharvaim,0
cuthah,0
stiffen,0
watchtow,0
halah,0
gozan,0
mede,0
habor,0
vassal,0
shalmanes,0
hezekiah,0
pavilion,0
pavement,0
urijah,0
ahaz,0
rezin,0
jerusha,0
janoah,0
piles,0
tiglath,0
arieh,0
remaliah,0
pekah,0
pekahiah,0
pul,0
menahem,0
gadi,0
uzziah,0
shallum,0
jecholiah,0
zechariah,0
amittai,0
hostag,0
jehoaddan,0
recaptur,0
amaziah,0
silla,0
stonecutt,0
mason,0
apport,0
carpent,0
lid,0
constitu,0
dilapid,0
assess,0
zibiah,0
jehoash,0
mattan,0
rang,0
conting,0
sur,0
jehosheba,0
jehoahaz,0
dump,0
wardrob,0
vestment,0
jehonadab,0
eke,0
acquaint,0
spatter,0
underfoot,0
adorn,0
paint,0
gur,0
haggan,0
bidkar,0
tract,0
furious,0
horseman,0
babbl,0
athaliah,0
zair,0
revolt,0
gross,0
appeal,0.0
kab,0
citadel,0
pharpar,0
abanah,0
rage,0.0
furiou,0
ripen,0
knapsack,0
newli,0
slice,0
sneez,0
slacken,0
gehazi,0
notabl,0
creditor,0
kir,0
haraseth,0
slinger,0
intact,0
musician,0
roundabout,0
regularli,0
sheepbreed,0
eighteenth,0
maul,0
zebub,0
jehoram,0
wreck,0
ahaziah,0
driver,0
random,0
amon,0
zedekiah,0
chenaanah,0
micaiah,0
imlah,0
naboth,0
jezreelit,0
sullen,0
bandag,0
marketplac,0
patrol,0
provinc,0
post,0
loveliest,0
hazael,0
nimshi,0
broom,0
meantim,0
waterpot,0
trench,0
lanc,0
awaken,0
falter,0
troubler,0
explor,0
massacr,0
obadiah,0
tragedi,0
bin,0
zarephath,0
cherith,0
elijah,0
tishbit,0
segub,0
hiel,0
ethbaal,0
jezebel,0
ahab,0
shemer,0
tibni,0
ginath,0
treason,0
omri,0
arza,0
hanani,0
jehu,0
ijon,0
baasha,0
obscen,0
grandmoth,0
asa,0
granddaught,0
abishalom,0
abijam,0
ammonitess,0
guardroom,0
chronicl,0
glaze,0
jar,0
extermin,0
samaria,0
josiah,0
instal,0
shemaiah,0
whip,0
thicker,0
burdensom,0
rehoboam,0
shishak,0
milcom,0
goddess,0
shilonit,0
industri,0
zereda,0
nebat,0
jeroboam,0
zeruah,0
eliadah,0
rezon,0
genubath,0
tahpen,0
princess,0
intermarri,0
agent,0
export,0
keveh,0
current,0
sycamor,0
rate,0
monkey,0
armrest,0
ivori,0
mina,0
arabia,0
incom,0
generos,0.0
singer,0
almug,0
cupbear,0
waiter,0
entryway,0
retinu,0
cavalri,0
tadmor,0
overshadow,0
ethanim,0
hing,0
ladl,0
burnish,0
southeast,0
flang,0
hub,0
axl,0
pedest,0
plait,0
brim,0
convex,0
lili,0
chainwork,0
wreath,0
circumfer,0
worker,0
huram,0
eav,0
portico,0
rectangular,0
tier,0
bul,0
evenli,0
compris,0
plank,0
panel,0
stair,0
chisel,0
ledg,0
bevel,0
vestibul,0
ziv,0
eightieth,0
builder,0
costli,0
quarri,0
shift,0
raft,0
cypress,0
hiram,0
foe,0
heman,0
chalcol,0
ezrahit,0
ethan,0
darda,0
wiser,0
mahol,0
stall,0
tiphsah,0
fowl,0
roebuck,0
kor,0
aloth,0
iddo,0
ahinadab,0
taphath,0
arubboth,0
hese,0
makaz,0
deker,0
abda,0
adoniram,0
ahishar,0
zabud,0
shisha,0
elihoreph,0
azariah,0
maachah,0
malici,0
peacetim,0
uproar,0
noisi,0
homag,0
zoheleth,0
rei,0
abishag,0
shunammit,0
warm,0.0
cost,0.0
araunah,0
hodshi,0
tahtim,0
jaan,0
ithrit,0
gareb,0
zelek,0
naharai,0
bani,0
paarai,0
hezrai,0
ahasbai,0
sharar,0
ahiam,0
shaalbonit,0
jashen,0
eliahba,0
hiddai,0
ribai,0
heleb,0
maharai,0
netophathit,0
anathothit,0
hushathit,0
mebunnai,0
tekoit,0
ikkesh,0
helez,0
paltit,0
elika,0
harodit,0
wrest,0
spectacular,0
snowi,0
hero,0
won,0
hararit,0
ahohit,0
psalmist,0
forevermor,0
broad,0
channel,0
vanquish,0
canopi,0
flew,0
ungodli,0
savior,0
shimea,0
elhanan,0
oregim,0
jaar,0
gob,0
ishbi,0
benob,0
armoni,0
gibeonit,0
ira,0
jairit,0
sheva,0
adoram,0
revenu,0
withdrew,0
wallow,0
seclus,0
loyal,0
bichri,0
fiercer,0
chimham,0
ferryboat,0
escort,0
gatekeep,0
rapidli,0
watchman,0
outran,0
cushit,0
bean,0
rogelim,0
shobi,0
barzillai,0
jithra,0
amasa,0
withdrawn,0
rogu,0
bloodthirsti,0
hushai,0
barefoot,0
kidron,0
ittai,0
counselor,0
conspiraci,0
ahithophel,0
gilonit,0
spill,0
ember,0
tekoa,0
mourner,0
hillsid,0
jonadab,0
shimeah,0
thinner,0
improp,0
saw,0
jedidiah,0
wayfar,0
jerubbesheth,0
hottest,0
uriah,0
eliam,0
bathsheba,0
helam,0
shobach,0
zoba,0
ish,0
repuls,0
buttock,0
hanun,0
micha,0
lo,0
debar,0
ziba,0
benaiah,0
jehoiada,0
pelethit,0
zadok,0
seraiah,0
ahilud,0
jehoshaphat,0
toi,0
joram,0
betah,0
berothai,0
hadadez,0
undignifi,0
shamelessli,0
whirl,0
outbreak,0
nachon,0
sistrum,0
fir,0
cymbal,0
ahio,0
uzzah,0
mulberri,0
perazim,0
breakthrough,0
doubtless,0.0
eliphelet,0
eliada,0
nathan,0
shobab,0
zion,0
behead,0
rechab,0
baanah,0
mephibosheth,0
gittaim,0
beerothit,0
stab,0
sirah,0
bahurim,0
transfer,0
loyalti,0
rizpah,0
aiah,0
haggith,0
shephatiah,0
abit,0
adonijah,0
chileab,0
geshur,0
maacah,0
absalom,0
amnon,0
bithron,0
ammah,0
giah,0
blunt,0
asahel,0
fleet,0
ashurit,0
ishbosheth,0
surpass,0
swifter,0
shan,0
hit,0
malchishua,0
accustom,0
rove,0
rachal,0
siphmoth,0
invas,0
cherethit,0
besor,0
carmelit,0
reconcil,0
eaanc,0
disguis,0
gilboa,0
assuredli,0
jerahmeelit,0
jezreelitess,0
carmelitess,0
maoch,0
partridg,0
stuck,0
joab,0
zeruiah,0
abishai,0
gallim,0
palti,0
offens,0.0
scoundrel,0
folli,0
seah,0
shearer,0
nabal,0
abigail,0
flea,0
stoop,0
recess,0
lurk,0
crafti,0
hideout,0
jeshimon,0
ziphit,0
hachilah,0
expedit,0
halt,0.0
abiathar,0
wore,0
bid,0
discov,0.0
hereth,0
madman,0
madmen,0
scratch,0
saliva,0
achish,0
doeg,0
nob,0
ahimelech,0
expressli,0
target,0
ezel,0
sechu,0
naioth,0
expir,0
michal,0
meholathit,0
adriel,0
merab,0
pin,0
music,0
knit,0
shaaraim,0
slung,0
pouch,0
paw,0
insol,0
chees,0
fare,0
occasion,0
ephrathit,0
defi,0
spearhead,0
helmet,0
champion,0
dammim,0
eph,0
ruddi,0
bethlehemit,0
hack,0
cautious,0
swoop,0
mission,0
bleat,0
fatl,0
unwil,0
telaim,0
ahinoam,0
abner,0
ner,0
ahimaaz,0
zobah,0
sovereignti,0
freeli,0
honeycomb,0
drip,0
withdraw,0
watchmen,0
acr,0
bozez,0
seneh,0
ahitub,0
ahijah,0
migron,0
armor,0
pim,0
goad,0
axe,0
plowshar,0
mattock,0
blacksmith,0
zeboim,0
raider,0
supplic,0
danger,0.0
michmash,0
bedan,0
grayhead,0
renew,0
nahash,0
valiant,0
royalti,0
matri,0
tribul,0
tambourin,0
garrison,0
string,0
zelzah,0
flask,0
awhil,0
hall,0
seer,0
shalisha,0
shaalim,0
handsom,0
aphiah,0
kish,0
zeror,0
abiel,0
bechorath,0
finest,0
forewarn,0
joel,0
abijah,0
circuit,0
shen,0
car,0
suckl,0
abinadab,0
calv,0
hitch,0
rat,0
stricken,0
deadli,0
harsh,0
torso,0
ichabod,0
waysid,0
dirt,0
loudli,0
shook,0
ebenez,0
tingl,0
priestli,0
lightli,0
statur,0
caldron,0
kettl,0
fleshhook,0
prong,0
samuel,0
petit,0
eli,0
hophni,0
hannah,0
peninnah,0
elihu,0
jeroham,0
ramathaim,0
tohu,0
zuph,0
salmon,0
obe,0
jess,0
nourish,0
famou,0
conclud,0
shawl,0
startl,0
winnow,0
mealtim,0
reaper,0
boaz,0
moabitess,0
mara,0
excit,0
mahlon,0
chilion,0
orpah,0
ruth,0
naomi,0
elimelech,0
lebonah,0
jabesh,0
trampl,0
panick,0
array,0
breadth,0
sling,0
outrag,0
lewd,0
ravish,0
confer,0
threshold,0
fodder,0
jonathan,0
rebuilt,0
laish,0
danit,0
shrine,0
silversmith,0
micah,0
brace,0
grinder,0
lull,0
shaven,0
pester,0
vex,0
wove,0
batten,0
tightli,0
loom,0
web,0.0
strand,0
bowstr,0
sorek,0
delilah,0
gatepost,0
daylight,0
ramath,0
jawbon,0
arrest,0
lehi,0
etam,0
timnit,0
shock,0
fox,0
apparel,0
solv,0
sweeter,0
eater,0
riddl,0
pose,0
mightili,0
mahaneh,0
samson,0
wondrou,0
manoah,0
pirathon,0
pirathonit,0
hillel,0
ibzan,0
ephraimit,0
zaphon,0
minnith,0
keramim,0
recov,0
peaceabl,0
tob,0
jephthah,0
miseri,0.0
maonit,0
syria,0
camon,0
dodo,0
armorbear,0
skull,0
thebez,0
zalmon,0
arumah,0
center,0.0
zebul,0
trod,0
ebe,0
gaal,0
aid,0
risk,0
brambl,0
cheer,0
sway,0.0
millo,0
jotham,0
reckless,0
berith,0
tomb,0
pendant,0
crescent,0
jether,0
interrog,0
karkor,0
brier,0
zalmunna,0
zebah,0
comparison,0
oreb,0
zeeb,0
barah,0
zererah,0
meholah,0
tabbath,0
collaps,0
overturn,0
outpost,0
purah,0
lap,0
harod,0
squeez,0
wrung,0
jerubba,0
broth,0
abiezrit,0
gideon,0
joash,0
impoverish,0
stronghold,0
den,0
embroid,0
embroideri,0
looter,0
wisest,0
lattic,0
clatter,0
workmen,0
cream,0
lordli,0
meroz,0
steed,0
pound,0
swept,0
torrent,0
cours,0
jeopard,0
inlet,0
pipe,0
shamgar,0
byway,0
softli,0
jug,0
blanket,0
jael,0
alight,0
hobab,0
zaanaim,0
kishon,0
deploy,0
barak,0
abinoam,0
lapidoth,0
hagoyim,0
sisera,0
harosheth,0
stout,0
seirah,0
embarrass,0
porch,0
hilt,0
blade,0
upstair,0
silenc,0
dagger,0
ehud,0
benjamit,0
cushan,0
rishathaim,0
asherah,0
despoil,0
ashtoreth,0
dismiss,0
bochim,0
sela,0
here,0
shaalbim,0
anath,0
asherit,0
aphik,0
ahlab,0
acco,0
helbah,0
nahalol,0
kitron,0
ashkelon,0
zephath,0
scrap,0
bezek,0
outliv,0
gaash,0
oak,0
replica,0
frontier,0
mephaath,0
dimnah,0
kartah,0
galile,0
kartan,0
hammoth,0
mishal,0
abdon,0
daberath,0
eshterah,0
tanach,0
kibzaim,0
anathoth,0
geba,0
eshtemoa,0
slayer,0
timnath,0
leshem,0
joppa,0
rakkon,0
jarkon,0
jehud,0
berak,0
gibbethon,0
eltekeh,0
shaalabbin,0
jethlah,0
adamah,0
zer,0
ziddim,0
rakkath,0
hammath,0
aznoth,0
hukkok,0
heleph,0
zaanannim,0
nekeb,0
lakkum,0
adami,0
ummah,0
hosah,0
tyre,0
hammon,0
ebron,0
cabul,0
neiel,0
bypass,0
hali,0
helkath,0
beten,0
shahazimah,0
tabor,0
haddah,0
remeth,0
pazzez,0
rabbith,0
kishion,0
abez,0
haphraim,0
anaharath,0
shion,0
chesulloth,0
shunem,0
kattath,0
idalah,0
nahal,0
jiphthah,0
hannathon,0
kazin,0
eth,0
neah,0
maralah,0
dabbasheth,0
baalath,0
sharuhen,0
lebaoth,0
marcaboth,0
susah,0
bethul,0
balah,0
gibeath,0
zelah,0
jebu,0
irpeel,0
taralah,0
mozah,0
chephirah,0
ramah,0
beeroth,0
chephar,0
ophni,0
gaba,0
haammoni,0
parah,0
ophrah,0
zemaraim,0
keziz,0
emek,0
bay,0
geliloth,0
survey,0
hilli,0
ibleam,0
shean,0
abiez,0
shemida,0
kanah,0
naarah,0
taanath,0
janohah,0
michmethath,0
archit,0
gedi,0
nibshan,0
secacah,0
middin,0
eltekon,0
maarath,0
anoth,0
gibeah,0
jezreel,0
jokdeam,0
juttah,0
maon,0
humtah,0
zior,0
aphekah,0
janum,0
eshean,0
giloh,0
holon,0
eshtemoh,0
sannah,0
dannah,0
shamir,0
sochoh,0
jattir,0
mareshah,0
achzib,0
keilah,0
ashan,0
ether,0
gederoth,0
dagon,0
naamah,0
kithlish,0
lahma,0
cabbon,0
bozkath,0
dilean,0
joktheel,0
hadashah,0
zenan,0
migdal,0
gederah,0
gederothaim,0
sharaim,0
adithaim,0
socoh,0
gannim,0
zanoah,0
enam,0
zorah,0
eshtaol,0
ashnah,0
madmannah,0
sansannah,0
ziklag,0
eltolad,0
chesil,0
ezem,0
bizjothjah,0
shual,0
heshmon,0
pelet,0
gaddah,0
shema,0
amam,0
moladah,0
kerioth,0
hadattah,0
telem,0
bealoth,0
ziph,0
ithnan,0
dimonah,0
adadah,0
kinah,0
jagur,0
kabzeel,0
persuad,0
othniel,0
sepher,0
achsah,0
coastlin,0
jabneel,0
shicron,0
chesalon,0
baalah,0
jearim,0
nephtoah,0
hinnom,0
en,0
adummim,0
shemesh,0
rogel,0
bohan,0
adar,0
karkaa,0
sibmah,0
zereth,0
shahar,0
gebalit,0
mearah,0
gittit,0
avit,0
ekronit,0
gazit,0
ashkelonit,0
sihor,0
ashdodit,0
ekron,0
carmel,0
jokneam,0
kedesh,0
taanach,0
megiddo,0
meron,0
lasharon,0
aphek,0
tappuah,0
adullam,0
geder,0
jeshimoth,0
gath,0
ashdod,0
anab,0
halak,0
mound,0
misrephoth,0
hamstr,0
merom,0
dor,0
chinneroth,0
madon,0
achshaph,0
hazor,0
jabin,0
gezer,0
horam,0
jasher,0
aijalon,0
rout,0
horon,0
azekah,0
makkedah,0
hoham,0
jarmuth,0
eglon,0
debir,0
japhia,0
piram,0
lachish,0
adoni,0
zedek,0
woodcutt,0
patch,0
moldi,0
craftili,0
ambassador,0
mend,0
wineskin,0
gibeon,0
lowland,0
muster,0
achor,0
clan,0
stuff,0
shebarim,0
descent,0
aven,0
achan,0
zabdi,0
parch,0
knive,0
flint,0
gilgal,0
zaretan,0
upstream,0
pursuer,0
token,0
flax,0
rahab,0
arisen,0
vigor,0
majesti,0
partak,0
glitter,0
whet,0
venom,0
cobra,0
gall,0
flight,0
misunderstand,0
poison,0
provoc,0
spurn,0
unmind,0
forsook,0
esteem,0
kick,0
obes,0
jeshurun,0
curd,0
howl,0
encircl,0
appl,0
unwis,0
mysteri,0
indign,0
wormwood,0
worn,0
perceiv,0
extraordinari,0
placenta,0
ventur,0
sensit,0
strait,0
desper,0
byword,0
noonday,0
grope,0
mad,0
tumor,0
itch,0
troublesom,0
powder,0.0
mildew,0
consumpt,0
inflamm,0
do,0
contempt,0
craftsman,0
lime,0
whitewash,0
straggler,0
lengthen,0
genit,0
muzzl,0
kidnapp,0
certif,0
voluntarili,0
lent,0
occurr,0
illegitim,0
emascul,0
mutil,0
countrysid,0
parapet,0
glutton,0
drunkard,0
brutal,0
nail,0
trim,0
assault,0
siegework,0
sieg,0
wield,0
faintheart,0
wrongdo,0
landmark,0
slip,0
ax,0
stroke,0
swing,0
spell,0
conjur,0
spiritist,0
fleec,0
cheek,0
sentenc,0.0
controversi,0
sickl,0
overnight,0
liber,0
borrow,0
alien,0
roe,0
antelop,0
ensnar,0
gazel,0
gerizim,0
overflow,0
administ,0
gudgodah,0
moserah,0
stead,0
hew,0
displeasur,0
flinti,0
scorpion,0
copper,0
scarciti,0
chasten,0
proce,0
accurs,0
inflict,0
piti,0
slack,0
conquer,0
sion,0
bezer,0
manassit,0
golan,0
ramoth,0
plateau,0
forsak,0
corruptli,0
figur,0
grandchildren,0
lebanon,0
arabah,0
maachathit,0
geshurit,0
gadit,0
rabbah,0
bedstead,0
salcah,0
senir,0
sirion,0
sidonian,0
hermon,0
rural,0
argob,0
ravin,0
strictli,0
kedemoth,0
caphtor,0
avim,0
ammonit,0
zamzummim,0
elath,0
trudg,0
meddl,0
skirt,0
taller,0
anakim,0
problem,0
edrei,0
ashtaroth,0
fortieth,0
dizahab,0
tophel,0
suph,0
pollut,0
accident,0
proport,0
manslay,0
outward,0
pedahel,0
ahihud,0
shelomi,0
paltiel,0
azzan,0
parnach,0
shiphtan,0
hanniel,0
bukki,0
jogli,0
chislon,0
elidad,0
shemuel,0
riblah,0
chinnereth,0
shepham,0
ziphron,0
zedad,0
northern,0
akrabbim,0
hazar,0
addar,0
azmon,0
southern,0
irrit,0
jesimoth,0
diblathaim,0
almon,0
ijim,0
punon,0
zalmonah,0
ezion,0
geber,0
abronah,0
jotbathah,0
hagidgad,0
jaakan,0
bene,0
moseroth,0
hashmonah,0
mithkah,0
tahath,0
makheloth,0
haradah,0
shepher,0
kehelathah,0
rissah,0
libnah,0
rimmon,0
rithmah,0
alush,0
dophkah,0
bold,0
nobah,0
kenath,0
havoth,0
jair,0
dispossess,0
shibmah,0
meon,0
kirjathaim,0
beth,0
shophan,0
jogbehah,0
atroth,0
aroer,0
bashan,0
og,0
fold,0
sheepfold,0
brood,0
kenizzit,0
barnea,0
nimrah,0
beon,0
elealeh,0
ataroth,0
nebo,0
shebam,0
armlet,0
tribut,0
tin,0
zur,0
evi,0
reba,0
rekem,0
signal,0
recruit,0
rash,0
overrul,0
regular,0
inaugur,0
korathit,0
libnit,0
merarit,0
larger,0
shillemit,0
jezerit,0
malchielit,0
heberit,0
jimnit,0
jimna,0
jesui,0
beriit,0
jesuit,0
shuhamit,0
shuham,0
naamit,0
ardit,0
hupham,0
shupham,0
huphamit,0
shuphamit,0
ahiram,0
belait,0
ashbelit,0
ahiramit,0
eranit,0
eran,0
tahanit,0
bachrit,0
shuthalhit,0
shuthelah,0
tahan,0
hoglah,0
tirzah,0
hepher,0
zelophehad,0
mahlah,0
asrielit,0
asriel,0
shechemit,0
helekit,0
jeezer,0
jeezerit,0
helek,0
machirit,0
gileadit,0
zebulunit,0
jahleelit,0
elonit,0
sardit,0
jashubit,0
shimronit,0
jashub,0
punit,0
tolait,0
hamulit,0
parzit,0
shelanit,0
arelit,0
arodit,0
arod,0
erit,0
oznit,0
ozni,0
shunit,0
zephonit,0
haggit,0
zarhit,0
shaulit,0
jaminit,0
jachinit,0
nemuelit,0
nemuel,0
reubenit,0
hezronit,0
carmit,0
palluit,0
hanochit,0
cozbi,0
harass,0
salu,0
zimri,0
simeonit,0
zeal,0
javelin,0
cypru,0
coast,0
kain,0
nest,0
valiantli,0
agag,0
alo,0
overlook,0.0
peor,0
lioness,0
zophim,0
oracl,0
huzoth,0
boundari,0
flat,0
drawn,0
ridden,0
adversari,0
overpow,0
fee,0
balaam,0
pethor,0
lick,0
zippor,0
balak,0
jericho,0
jazer,0
nophah,0
dibon,0
medeba,0
chemosh,0
proverb,0
heshbon,0
villag,0
jahaz,0
sihon,0
pisgah,0
wasteland,0
bamoth,0
nahaliel,0
stave,0
mattanah,0
slope,0
suphah,0
waheb,0
arnon,0
zere,0
abarim,0
ije,0
oboth,0
bitten,0
fieri,0
atharim,0
arad,0
hor,0
directli,0
heifer,0
winepress,0
sprout,0
bud,0
rid,0
abiram,0
dathan,0
tassel,0
stick,0
unintend,0
hormah,0
mountaintop,0
presum,0
brunt,0
entir,0
fame,0
disinherit,0
amalekit,0
fortifi,0
ahiman,0
zoan,0
anak,0
talmai,0
sheshai,0
rehob,0
hamath,0
zin,0
courag,0.0
nahbi,0
vophsi,0
sethur,0
gemal,0
ammiel,0
susi,0
gaddi,0
sodi,0
gaddiel,0
hoshea,0
igal,0
jephunneh,0
caleb,0
shaphat,0
shammua,0
zaccur,0
hazeroth,0
say,0
ethiopian,0
kibroth,0
hattaavah,0
flutter,0
eldad,0
medad,0
list,0
wretched,0
millston,0
pastri,0
crave,0
taberah,0
quench,0
outskirt,0
twentieth,0
alarm,0
pertain,0
ceremoni,0
apiec,0
twelfth,0
eleventh,0
ammishaddai,0
ahiez,0
platter,0
razor,0
grapevin,0
vinegar,0
juic,0
raisin,0
nazirit,0
amen,0
rot,0
jealousi,0
shovel,0
fork,0
implement,0
firepan,0
beam,0
insert,0
abihail,0
zuriel,0
mahlit,0
mushit,0
elizaphan,0
izharit,0
amramit,0
kohathit,0
uzzielit,0
hebronit,0
lael,0
gershonit,0
izehar,0
shimei,0
emblem,0
ancestri,0
divis,0
ahira,0
enan,0
eliasaph,0
deuel,0
pagiel,0
ocran,0
abidan,0
gideoni,0
ammihud,0
pedahzur,0
gamaliel,0
elishama,0
eliab,0
helon,0
nethanel,0
zuar,0
shelumiel,0
zurishaddai,0
elizur,0
shedeur,0
tith,0
ban,0
deduct,0
homer,0
barley,0
valu,0
faint,0
lifeless,0
chastis,0
highway,0
fever,0
chase,0.0
vintag,0
yearli,0
space,0
sale,0
fiftieth,0
jubile,0
untend,0
prune,0
fractur,0
blasphem,0
dibri,0
shelomith,0
leafi,0
willow,0
ninth,0
celebr,0
loav,0
fifteenth,0
maim,0
ulcer,0
hunchback,0
eunuch,0
eczema,0
dwarf,0
mar,0
abhor,0
adulteress,0
adulter,0
volum,0
familiar,0
medium,0
tattoo,0
disfigur,0
talebear,0
glean,0
vomit,0
mate,0
molech,0
rival,0
kin,0
demon,0
suitabl,0
coal,0
scapegoat,0
attir,0
indispos,0
semen,0
emiss,0
spit,0
timber,0
scrape,0
plaster,0
ingrain,0
own,0.0
log,0
eyebrow,0
hyssop,0
cedar,0
greenish,0
warp,0
woof,0
leather,0
woolen,0
mustach,0
bald,0
specif,0
standstil,0
scali,0
scar,0
reddish,0
leprosi,0
scab,0
isol,0
deeper,0
customari,0
impur,0
crawl,0
cistern,0
stove,0
edibl,0
item,0
chameleon,0
gecko,0
reptil,0
monitor,0
mous,0
lizard,0
mole,0
cricket,0
grasshopp,0
four,0
insect,0
stork,0
heron,0
bat,0
jackdaw,0
screech,0
fisher,0
ostrich,0
gull,0
hawk,0
owl,0
kite,0
falcon,0
buzzard,0
fin,0
hare,0
hyrax,0
hoov,0
cloven,0
chew,0
cud,0
befallen,0.0
inquiri,0
unholi,0
bewail,0
censer,0
imput,0
voluntari,0
blend,0
thanksgiv,0
earthen,0
rins,0
scour,0
wholli,0
hearth,0
safekeep,0
extort,0
valuat,0
pronounc,0
thoughtlessli,0
unintent,0
backbon,0
flank,0
feather,0
drain,0
turtledov,0
pigeon,0
onward,0
hung,0
plate,0
exquisit,0
beryl,0
jasper,0
enclos,0
sheet,0
bekah,0
inventori,0
mirror,0
rim,0
midway,0
tapestri,0
maker,0
freewil,0
spun,0
necklac,0
shone,0
tenor,0
abib,0
wooden,0
longsuff,0
cleft,0
stiff,0
proclam,0
ministri,0
furnitur,0
ahisamach,0
aholiab,0
bezalel,0
uri,0
galbanum,0
onycha,0
stact,0
frankincens,0
ointment,0
perfum,0
compound,0
cassia,0
liquid,0
qualiti,0
cane,0
cinnamon,0
laver,0
gerah,0
censu,0
hin,0
outsid,0
aton,0
heav,0
loaf,0
thumb,0
toe,0
offal,0
fatti,0
liver,0
lobe,0
kidney,0
priesthood,0
gird,0
flour,0
trouser,0
hat,0
bell,0
hem,0
urim,0
thummim,0
seam,0
amethyst,0
agat,0
jacinth,0
turquois,0
diamond,0
sardiu,0
emerald,0
topaz,0
braid,0
engrav,0
intric,0
workmanship,0
turban,0
sash,0
artisan,0
behalf,0
network,0
screen,0
weaver,0
hook,0
overlaid,0
tenon,0
remnant,0
outermost,0
forefront,0
clasp,0
outer,0
loop,0
selvedg,0
likewis,0
woven,0
weav,0
artist,0
utensil,0
trimmer,0
tray,0
flower,0
lampstand,0
knob,0
shaft,0
showbread,0
pan,0
holder,0
handbreadth,0
frame,0
cherub,0
hammer,0
pole,0
mold,0
overlay,0
tabernacl,0
pattern,0
ephod,0
breastplat,0
incens,0
dy,0
acacia,0
badger,0
purpl,0
bronz,0
clariti,0
sapphir,0
sprinkl,0
desol,0
hornet,0
miscarriag,0
provok,0
sown,0
firstfruit,0
ingath,0
circumspect,0
fallow,0
refrain,0
partial,0
moneylend,0
fatherless,0
mistreat,0
sorceress,0
entic,0
bride,0
stack,0
restitut,0
thrust,0
gore,0.0
tooth,0.0
knock,0
stripe,0
prematur,0
fist,0
kidnap,0
premedit,0
diminish,0
betroth,0
awl,0
tool,0
hewn,0
profan,0
hallow,0
guiltless,0
louder,0
eagl,0
easier,0.0
covet,0
banner,0
recount,0
blot,0
steadi,0
hur,0
joshua,0
meribah,0
massah,0
contend,0
rephidim,0
coriand,0
wafer,0
worm,0
notwithstand,0
bred,0
omer,0
round,0
elim,0
diseas,0
dilig,0
marah,0
miriam,0
danc,0
prophetess,0
melt,0
philistia,0
congeal,0
overthrown,0
dash,0
depth,0
sank,0
sang,0
glorious,0
zephon,0
pi,0
hahiroth,0
migdol,0
etham,0
orderli,0
frontlet,0
stubborn,0
sojourn,0
dough,0
convoc,0
leaven,0
ordin,0
passov,0
belt,0
entrail,0
raw,0
lintel,0
doorpost,0
twilight,0
congreg,0
handmil,0
midnight,0
articl,0
bewar,0.0
spelt,0
mingl,0
dart,0
hail,0
sore,0
let,0
swarm,0
entreat,0
bedroom,0
bowl,0
stank,0
pond,0
stink,0
loath,0
sorcer,0
enchant,0
putiel,0
phineha,0
assir,0
korahit,0
elkanah,0
abiasaph,0
elisheba,0
abihu,0
amminadab,0
nadab,0
nahshon,0
eleazar,0
ithamar,0
elzaphan,0
zithri,0
mishael,0
nepheg,0
zichri,0
jocheb,0
mushi,0
mahli,0
uzziel,0
izhar,0
amram,0
shimi,0
libni,0
abhorr,0
yesterday,0
beaten,0
daili,0
quota,0
stubbl,0
pestil,0
sharp,0
spokesman,0
levit,0
mute,0
eloqu,0
leprou,0
snow,0
tail,0
bush,0
horeb,0
jethro,0
gershom,0
zipporah,0
riversid,0
bulrush,0
daub,0
reed,0
birthstool,0
puah,0
shiphrah,0
midwiv,0
bondag,0
rigor,0
pithom,0
taskmast,0
raams,0
shrewdli,0
coffin,0
machir,0
meant,0.0
repay,0
atad,0
thresh,0
horsemen,0
embalm,0
physician,0
wolf,0
crown,0
utmost,0
ancestor,0
shot,0
bough,0
deer,0
dainti,0
royal,0
troop,0
tramp,0
rider,0
viper,0
adjoin,0
haven,0
teeth,0
whiter,0
darker,0
shiloh,0
scepter,0
lawgiv,0
whelp,0
cruel,0
council,0
ox,0
hamstrung,0
instrument,0
unstabl,0
fifth,0
allot,0
ration,0
languish,0
rames,0
occup,0
jezer,0
shillem,0
guni,0
jahzeel,0
hushim,0
ashbel,0
gera,0
belah,0
rosh,0
huppim,0
becher,0
ehi,0
naaman,0
muppim,0
ard,0
sixteen,0
serah,0
isui,0
malchiel,0
heber,0
ishuah,0
jimnah,0
beriah,0
ziphion,0
shuni,0
arodi,0
ezbon,0
haggi,0
eri,0
are,0
sere,0
jahleel,0
puvah,0
tola,0
shimron,0
hamul,0
merari,0
kohath,0
gershon,0
shaul,0
ohad,0
jemuel,0
jachin,0
jamin,0
carmi,0
hezron,0
pallu,0
cart,0
goshen,0
deliver,0
plow,0
dismay,0
speedili,0
repaid,0
merri,0
astonish,0
health,0.0
sir,0
dine,0
steward,0
oversight,0
nut,0
vessel,0
pistachio,0
almond,0
sureti,0
pointedli,0
surprisingli,0
bundl,0
encamp,0
sack,0
understood,0
verifi,0
youngest,0
honest,0
roughli,0
governor,0
storehous,0
famish,0
ephraim,0
manasseh,0
immeasur,0
pherah,0
paaneah,0
zaphnath,0
asenath,0
poti,0
chariot,0
knee,0
linen,0
shortli,0
deplet,0
meadow,0
shave,0
blight,0
sprang,0
thin,0
plump,0
gaunt,0
ugli,0
butlership,0
birthday,0
basket,0
dungeon,0
butler,0
baker,0
confin,0.0
overs,0
breach,0
perez,0
unexpectedli,0
scarlet,0
harlotri,0
roadsid,0
widowhood,0
cord,0
signet,0
harlot,0
timnah,0
sheepshear,0
emit,0
tamar,0
chezib,0
shelah,0
onan,0
shua,0
adullamit,0
hirah,0
potiphar,0
captain,0
refus,0.0
sackcloth,0
waist,0
dip,0
trader,0
midianit,0
ishmaelit,0
balm,0
spice,0
myrrh,0
dreamer,0
conspir,0
dothan,0
sheaf,0
sheav,0
seventeen,0
iram,0
magdiel,0
mibzar,0
pinon,0
elah,0
mezahab,0
pau,0
matr,0
mehetabel,0
achbor,0
baal,0
hanan,0
masrekah,0
samlah,0
hadad,0
bedad,0
avith,0
temanit,0
husham,0
bozrah,0
beor,0
dinhabah,0
reign,0
aran,0
bilhan,0
zaavan,0
akan,0
eshban,0
ithran,0
cheran,0
hemdan,0
ajah,0
onam,0
manahath,0
ebal,0
alvan,0
shepho,0
hemam,0
hori,0
ezer,0
dishan,0
dishon,0
lotan,0
horit,0
shobal,0
mizzah,0
shammah,0
nahath,0
zerah,0
amalek,0
timna,0
kenaz,0
gatam,0
omar,0
teman,0
zepho,0
eliphaz,0
reuel,0
edomit,0
jaalam,0
jeush,0
basemath,0
anah,0
aholibamah,0
zibeon,0
elon,0
gad,0
eder,0
bethlehem,0
oni,0
midwif,0
childbirth,0
ephrath,0
allon,0
bachuth,0
deborah,0
obnoxi,0
plunder,0
edg,0
consent,0
defil,0
eloh,0
el,0
erect,0
hamor,0
parcel,0
booth,0
succoth,0
ahead,0
pace,0
shrank,0
muscl,0
limp,0
penuel,0
peniel,0
hip,0
joint,0
socket,0
brook,0
eleven,0
jabbok,0
ford,0
foal,0
bull,0
colt,0
seir,0
mahanaim,0
camp,0
mizpah,0
jegar,0
sahadutha,0
fourteen,0
drought,0
frost,0
miscarri,0
trespass,0
hotli,0
identifi,0
song,0
timbrel,0
overtook,0
gilead,0
stole,0
shear,0
anoint,0
gray,0
leap,0
feebler,0
rod,0
peel,0
gutter,0
speckl,0
brown,0
dinah,0
zebulun,0
endow,0
issachar,0
wheat,0
mandrak,0
asher,0
wrestl,0
naphtali,0
arous,0
judah,0
levi,0
simeon,0
reuben,0
unlov,0
bilhah,0
week,0
zilpah,0
delic,0.0
leah,0
shepherdess,0
rachel,0
luz,0
mahalath,0
syrian,0
padan,0
bereav,0
furi,0
restless,0
yoke,0
supplant,0
scarc,0
dew,0
kiss,0
smooth,0
kid,0
savori,0
weapon,0
quiver,0
dim,0
shebah,0
ahuzzath,0
sitnah,0
esek,0
hundredfold,0
statut,0
birthright,0
edom,0
stew,0
mild,0
esau,0
hairi,0
twin,0
plea,0
jetur,0
kedemah,0
hadar,0
naphish,0
tema,0
dumah,0
mishma,0
massa,0
kedar,0
mibsam,0
nebajoth,0
adbeel,0
maidserv,0
sum,0
concubin,0
hanoch,0
abidah,0
ephah,0
eldaah,0
epher,0
asshurim,0
leummim,0
letushim,0
shuah,0
jokshan,0
ishbak,0
zimran,0
medan,0
keturah,0
dismount,0
medit,0
rode,0
jewelri,0
preciou,0
hast,0
herd,0
errand,0
unload,0
laban,0
forsaken,0
wrist,0
wonder,0
trough,0
pitcher,0
mesopotamia,0
oldest,0
thigh,0
merchant,0
currenc,0
shekel,0
worth,0
machpelah,0
ephron,0
zohar,0
burial,0
choicest,0
kirjath,0
arba,0
mourn,0
rebekah,0
hazo,0
bethuel,0
chese,0
pildash,0
jidlaph,0
buz,0
kemuel,0
huz,0
horn,0
thicket,0
ram,0
knife,0
yonder,0
afar,0
split,0
saddl,0
moriah,0
beersheba,0
dug,0
lamb,0
poster,0
phichol,0
paran,0
archer,0
ail,0
bowshot,0
shrub,0
lad,0
bondwoman,0
scof,0
vindic,0
rebuk,0
offend,0
integr,0
abimelech,0
ammi,0
ammon,0
ben,0
moabit,0
moab,0
aros,0
lineag,0.0
furnac,0
overthrew,0
brimston,0
risen,0
overthrow,0
overtak,0
joke,0
weari,0
roof,0
wickedli,0
shut,0
doorway,0
tonight,0
unleaven,0
squar,0
outcri,0
childbear,0
butter,0
cake,0
meal,0
knead,0
refresh,0
morsel,0
thirteen,0
sarah,0
foreskin,0
uncircumcis,0
circumcis,0
blameless,0
bere,0
beer,0
lahai,0
kadesh,0
roi,0
wilder,0
shur,0
harshli,0
mistress,0
hagar,0
maid,0
hittit,0
kadmonit,0
kenezzit,0
kenit,0
iniqu,0
carcass,0
vultur,0
eliez,0
sandal,0
strap,0
thread,0
possessor,0
salem,0
melchizedek,0
hobah,0
damascu,0
north,0
eighteen,0
train,0.0
dan,0
aner,0
hebrew,0
eshcol,0
pit,0
remaind,0
zuzim,0
fourteenth,0
shaveh,0
kiriathaim,0
karnaim,0
rephaim,0
ashteroth,0
emim,0
thirteenth,0
siddim,0
salt,0
shemeb,0
bela,0
birsha,0
zoar,0
bera,0
shinab,0
amraphel,0
tidal,0
ellasar,0
chedorlaom,0
arioch,0
mamr,0
hebron,0
southward,0
westward,0
northward,0
jordan,0
strife,0
perizzit,0
herdsmen,0
ai,0
bethel,0
plagu,0
oxen,0
commend,0
south,0
shechem,0
terebinth,0
moreh,0
iscah,0
milcah,0
sarai,0
ur,0
nativ,0
chaldean,0
abram,0
haran,0
terah,0
nahor,0
serug,0
reu,0
peleg,0
ceas,0
withheld,0
abroad,0
mortar,0
asphalt,0
mesha,0
sephar,0
ophir,0
jobab,0
joktan,0
obal,0
abimael,0
uzal,0
hadoram,0
diklah,0
salah,0
hul,0
gether,0
uz,0
elam,0
arphaxad,0
asshur,0
lud,0
aram,0
eber,0
gaza,0
gomorrah,0
lasha,0
zeboiim,0
sodom,0
border,0
admah,0
gerar,0
arvadit,0
hamathit,0
canaanit,0
zemarit,0
sinit,0
arkit,0
hivit,0
jebusit,0
amorit,0
girgashit,0
sidon,0
firstborn,0
heth,0
philistin,0
caphtorim,0
casluhim,0
pathrusim,0
anamim,0
naphtuhim,0
lehabim,0
ludim,0
princip,0
resen,0
calah,0
rehoboth,0
ir,0
nineveh,0
calneh,0
shinar,0
accad,0
babel,0
erech,0
hunter,0
nimrod,0
sabtah,0
sabtechah,0
raamah,0
seba,0
havilah,0
dedan,0
mizraim,0
coastland,0
gentil,0
elishah,0
dodanim,0
tarshish,0
kittim,0
riphath,0
ashkenaz,0
togarmah,0
tira,0
tubal,0
madai,0
javan,0
gomer,0
meshech,0
enlarg,0
awok,0
younger,0
backward,0
canaan,0
rainbow,0
shed,0
lifeblood,0
sooth,0
aroma,0
imagin,0
anymor,0
freshli,0
dove,0
fro,0
ararat,0
decreas,0
subsid,0
upward,0
lift,0
hundredth,0
seventeenth,0
unclean,0
sort,0
floodwat,0
window,0
length,0
width,0
gopherwood,0
violenc,0
genealog,0
afterward,0
shem,0
japheth,0
ham,0
methuselah,0
jare,0
mahalalel,0
fifteen,0
cainan,0
enosh,0
seth,0
aveng,0
jubal,0
flute,0
harp,0
jabal,0
livestock,0
adah,0
zillah,0
begot,0
methushael,0
irad,0
mehujael,0
lamech,0
dwelt,0
nod,0
sevenfold,0
mark,0.0
vagabond,0
fugit,0
counten,0
process,0
tiller,0
abel,0
cherubim,0
sword,0
tunic,0
sweat,0
thistl,0
toil,0
concept,0
bruis,0
cun,0
asham,0
tend,0
euphrat,0
hiddekel,0
assyria,0
gihon,0
cush,0
bdellium,0
onyx,0
riverhead,0
eastward,0
nostril,0
mist,0
grown,0
sanctifi,0
seventh,0
finish,0
like,0
abound,0
firmament,0
hover,0
